image_id,category,width_px,height_px,relative_area,min_side_after_resize_640
0,rubbish,131,136,0.0021479552469135803,21.833333333333332
0,rubbish,36,36,0.00015625,6.0
0,rubbish,55,60,0.0003978587962962963,9.166666666666666
0,rubbish,60,144,0.0010416666666666667,10.0
0,rubbish,142,73,0.00124975887345679,12.166666666666666
1,rubbish,71,78,0.0006676793981481481,11.833333333333334
1,rubbish,71,55,0.00047079957561728397,9.166666666666666
1,rubbish,150,115,0.0020797164351851853,19.166666666666668
1,rubbish,131,155,0.0024480372299382717,21.833333333333332
1,rubbish,136,123,0.0020167824074074072,20.5
1,rubbish,63,65,0.0004937065972222222,10.5
1,rubbish,65,61,0.0004780333719135802,10.166666666666666
1,rubbish,60,52,0.0003761574074074074,8.666666666666666
2,rubbish,100,136,0.0016396604938271604,16.666666666666668
2,rubbish,152,115,0.002107445987654321,19.166666666666668
2,rubbish,71,73,0.000624879436728395,11.833333333333334
2,rubbish,42,73,0.00036964699074074075,7.0
3,rubbish,71,60,0.000513599537037037,10.0
3,rubbish,92,94,0.0010426311728395062,15.333333333333334
3,rubbish,142,78,0.0013353587962962963,13.0
3,rubbish,55,71,0.00047079957561728397,9.166666666666666
4,rubbish,239,221,0.0063680314429012345,36.833333333333336
4,rubbish,102,155,0.0019061053240740742,17.0
4,rubbish,68,78,0.0006394675925925926,11.333333333333334
4,rubbish,131,121,0.0019110484182098765,20.166666666666668
4,rubbish,131,113,0.0017846981095679013,18.833333333333332
5,rubbish,71,73,0.000624879436728395,11.833333333333334
5,rubbish,139,118,0.0019774787808641975,19.666666666666668
5,rubbish,68,63,0.0005164930555555555,10.5
5,rubbish,42,34,0.00017216435185185184,5.666666666666667
6,rubbish,115,84,0.0011646412037037038,14.0
6,rubbish,92,65,0.0007209683641975309,10.833333333333334
6,rubbish,110,39,0.0005172164351851852,6.5
7,rubbish,71,92,0.0007875192901234568,11.833333333333334
8,rubbish,176,134,0.002843364197530864,22.333333333333332
9,rubbish,84,136,0.0013773148148148147,14.0
9,rubbish,68,136,0.001114969135802469,11.333333333333334
10,rubbish,81,112,0.00109375,13.5
10,rubbish,81,109,0.001064453125,13.5
11,rubbish,60,32,0.0002314814814814815,5.333333333333333
11,rubbish,86,71,0.0007361593364197531,11.833333333333334
11,rubbish,68,57,0.00046730324074074073,9.5
11,rubbish,71,57,0.0004879195601851852,9.5
11,rubbish,150,128,0.0023148148148148147,21.333333333333332
12,rubbish,215,226,0.0058581693672839505,35.833333333333336
12,rubbish,63,71,0.0005392795138888888,10.5
12,rubbish,71,86,0.0007361593364197531,11.833333333333334
13,rubbish,39,65,0.0003056278935185185,6.5
13,rubbish,60,89,0.0006438078703703703,10.0
13,rubbish,176,118,0.002503858024691358,19.666666666666668
13,rubbish,92,57,0.0006322337962962963,9.5
14,rubbish,68,84,0.0006886574074074074,11.333333333333334
14,rubbish,76,60,0.0005497685185185186,10.0
14,rubbish,144,99,0.00171875,16.5
14,rubbish,126,147,0.0022330729166666666,21.0
14,rubbish,128,113,0.001743827160493827,18.833333333333332
14,rubbish,57,52,0.00035734953703703704,8.666666666666666
14,rubbish,71,57,0.0004879195601851852,9.5
15,rubbish,81,102,0.00099609375,13.5
15,rubbish,42,102,0.0005164930555555555,7.0
16,rubbish,97,63,0.0007367621527777778,10.5
17,rubbish,278,257,0.00861376350308642,42.833333333333336
17,rubbish,89,81,0.000869140625,13.5
18,rubbish,257,218,0.006754677854938272,36.333333333333336
18,rubbish,81,139,0.001357421875,13.5
18,rubbish,63,84,0.0006380208333333333,10.5
19,rubbish,81,121,0.001181640625,13.5
19,rubbish,86,89,0.0009227912808641975,14.333333333333334
19,rubbish,121,94,0.001371286651234568,15.666666666666666
19,rubbish,89,89,0.000954981674382716,14.833333333333334
19,rubbish,94,89,0.0010086323302469136,14.833333333333334
19,rubbish,76,49,0.00044897762345679014,8.166666666666666
20,rubbish,142,97,0.0016606385030864198,16.166666666666668
20,rubbish,86,76,0.0007880015432098766,12.666666666666666
20,rubbish,131,128,0.002021604938271605,21.333333333333332
20,rubbish,68,65,0.0005328896604938272,10.833333333333334
21,rubbish,92,87,0.0009649884259259259,14.5
21,rubbish,120,73,0.0010561342592592593,12.166666666666666
21,rubbish,106,126,0.0016102430555555555,17.666666666666668
21,rubbish,61,30,0.00022063078703703703,5.0
21,rubbish,81,58,0.00056640625,9.666666666666666
21,rubbish,106,73,0.0009329185956790123,12.166666666666666
22,rubbish,136,136,0.002229938271604938,22.666666666666668
22,rubbish,150,110,0.0019892939814814816,18.333333333333332
23,rubbish,151,137,0.002494092399691358,22.833333333333332
23,rubbish,89,103,0.001105203510802469,14.833333333333334
23,rubbish,84,106,0.0010734953703703703,14.0
23,rubbish,162,87,0.00169921875,14.5
24,rubbish,86,78,0.000808738425925926,13.0
25,rubbish,63,60,0.0004557291666666667,10.0
25,rubbish,65,71,0.0005563994984567901,10.833333333333334
25,rubbish,147,107,0.0018963396990740742,17.833333333333332
25,rubbish,81,63,0.000615234375,10.5
25,rubbish,134,152,0.0024556327160493827,22.333333333333332
25,rubbish,144,118,0.0020486111111111113,19.666666666666668
25,rubbish,63,55,0.0004177517361111111,9.166666666666666
25,rubbish,76,61,0.0005589313271604938,10.166666666666666
26,rubbish,64,92,0.0007098765432098765,10.666666666666666
26,rubbish,81,89,0.000869140625,13.5
27,rubbish,142,126,0.0021571180555555554,21.0
27,rubbish,131,171,0.0027007378472222224,21.833333333333332
27,rubbish,94,76,0.000861304012345679,12.666666666666666
27,rubbish,73,57,0.0005016637731481481,9.5
27,rubbish,68,39,0.0003197337962962963,6.5
27,rubbish,76,68,0.0006230709876543209,11.333333333333334
28,rubbish,131,136,0.0021479552469135803,21.833333333333332
28,rubbish,47,68,0.00038532021604938273,7.833333333333333
29,rubbish,260,223,0.006990258487654321,37.166666666666664
29,rubbish,100,92,0.001109182098765432,15.333333333333334
30,rubbish,84,60,0.0006076388888888889,10.0
30,rubbish,105,94,0.0011899594907407408,15.666666666666666
31,rubbish,47,78,0.0004419849537037037,7.833333333333333
32,rubbish,68,65,0.0005328896604938272,10.833333333333334
32,rubbish,226,231,0.006294126157407407,37.666666666666664
33,rubbish,126,63,0.00095703125,10.5
33,rubbish,89,89,0.000954981674382716,14.833333333333334
34,rubbish,157,152,0.002877121913580247,25.333333333333332
34,rubbish,131,118,0.0018636670524691359,19.666666666666668
34,rubbish,60,65,0.00047019675925925923,10.0
34,rubbish,68,57,0.00046730324074074073,9.5
34,rubbish,78,49,0.0004607928240740741,8.166666666666666
34,rubbish,123,99,0.0014680989583333334,16.5
34,rubbish,123,73,0.0010825376157407407,12.166666666666666
35,rubbish,102,147,0.0018077256944444445,17.0
35,rubbish,81,55,0.000537109375,9.166666666666666
35,rubbish,113,47,0.0006403115354938272,7.833333333333333
35,rubbish,115,84,0.0011646412037037038,14.0
36,rubbish,165,178,0.003540943287037037,27.5
36,rubbish,57,149,0.0010239438657407408,9.5
36,rubbish,89,55,0.0005901572145061728,9.166666666666666
36,rubbish,76,126,0.001154513888888889,12.666666666666666
36,rubbish,136,55,0.0009018132716049383,9.166666666666666
37,rubbish,86,165,0.001710792824074074,14.333333333333334
37,rubbish,250,149,0.004490981867283951,24.833333333333332
37,rubbish,92,152,0.0016859567901234569,15.333333333333334
37,rubbish,76,155,0.001420235339506173,12.666666666666666
38,rubbish,255,210,0.006456163194444444,35.0
38,rubbish,86,152,0.0015760030864197532,14.333333333333334
38,rubbish,100,73,0.0008801118827160494,12.166666666666666
39,rubbish,84,71,0.0007190393518518519,11.833333333333334
39,rubbish,128,28,0.0004320987654320988,4.666666666666667
39,rubbish,65,71,0.0005563994984567901,10.833333333333334
39,rubbish,136,110,0.0018036265432098766,18.333333333333332
39,rubbish,126,113,0.0017165798611111112,18.833333333333332
40,rubbish,68,121,0.0009919945987654321,11.333333333333334
40,rubbish,36,118,0.0005121527777777778,6.0
41,rubbish,73,70,0.0006160783179012346,11.666666666666666
41,rubbish,64,78,0.0006018518518518519,10.666666666666666
42,rubbish,194,176,0.0041165123456790124,29.333333333333332
42,rubbish,128,84,0.0012962962962962963,14.0
42,rubbish,76,68,0.0006230709876543209,11.333333333333334
42,rubbish,78,73,0.0006864872685185186,12.166666666666666
42,rubbish,218,86,0.0022603202160493825,14.333333333333334
42,rubbish,42,49,0.00024811921296296295,7.0
43,rubbish,97,99,0.0011577690972222221,16.166666666666668
43,rubbish,121,78,0.0011378761574074073,13.0
43,rubbish,92,78,0.000865162037037037,13.0
44,rubbish,107,84,0.001083622685185185,14.0
44,rubbish,110,73,0.0009681230709876543,12.166666666666666
45,rubbish,115,71,0.000984399112654321,11.833333333333334
45,rubbish,102,68,0.0008362268518518519,11.333333333333334
46,rubbish,97,57,0.0006665943287037037,9.5
46,rubbish,73,47,0.0004136525848765432,7.833333333333333
46,rubbish,260,271,0.00849488811728395,43.333333333333336
46,rubbish,100,86,0.0010368441358024692,14.333333333333334
47,rubbish,94,99,0.0011219618055555555,15.666666666666666
48,rubbish,210,273,0.006911892361111111,35.0
48,rubbish,94,60,0.0006799768518518519,10.0
48,rubbish,105,68,0.0008608217592592593,11.333333333333334
49,rubbish,73,71,0.000624879436728395,11.833333333333334
50,rubbish,105,94,0.0011899594907407408,15.666666666666666
50,rubbish,107,76,0.000980420524691358,12.666666666666666
50,rubbish,113,73,0.0009945264274691357,12.166666666666666
51,rubbish,148,134,0.0023910108024691357,22.333333333333332
51,rubbish,103,117,0.0014529079861111112,17.166666666666668
51,rubbish,87,73,0.0007656973379629629,12.166666666666666
51,rubbish,207,84,0.0020963541666666665,14.0
51,rubbish,52,26,0.00016300154320987654,4.333333333333333
52,rubbish,160,68,0.0013117283950617284,11.333333333333334
53,rubbish,84,84,0.0008506944444444444,14.0
53,rubbish,47,78,0.0004419849537037037,7.833333333333333
53,rubbish,60,86,0.0006221064814814815,10.0
54,rubbish,126,60,0.0009114583333333333,10.0
54,rubbish,92,73,0.0008097029320987654,12.166666666666666
55,rubbish,76,118,0.0010812114197530863,12.666666666666666
55,rubbish,86,73,0.0007568962191358025,12.166666666666666
56,rubbish,110,76,0.001007908950617284,12.666666666666666
56,rubbish,110,47,0.0006233121141975309,7.833333333333333
56,rubbish,94,68,0.0007706404320987655,11.333333333333334
57,rubbish,44,84,0.00044560185185185187,7.333333333333333
57,rubbish,118,63,0.0008962673611111111,10.5
58,rubbish,84,76,0.0007696759259259259,12.666666666666666
58,rubbish,92,152,0.0016859567901234569,15.333333333333334
58,rubbish,234,215,0.006065538194444445,35.833333333333336
58,rubbish,139,105,0.001759620949074074,17.5
59,rubbish,184,173,0.003837770061728395,28.833333333333332
59,rubbish,89,139,0.0014914882330246914,14.833333333333334
59,rubbish,150,105,0.0018988715277777778,17.5
59,rubbish,94,55,0.0006233121141975309,9.166666666666666
60,rubbish,73,68,0.0005984760802469136,11.333333333333334
60,rubbish,55,38,0.000251977237654321,6.333333333333333
60,rubbish,89,68,0.0007296489197530865,11.333333333333334
60,rubbish,65,78,0.000611255787037037,10.833333333333334
60,rubbish,150,126,0.0022786458333333335,21.0
61,rubbish,126,126,0.0019140625,21.0
61,rubbish,42,34,0.00017216435185185184,5.666666666666667
61,rubbish,55,144,0.0009548611111111111,9.166666666666666
61,rubbish,147,168,0.0029774305555555556,24.5
61,rubbish,73,142,0.00124975887345679,12.166666666666666
61,rubbish,147,73,0.0012937644675925927,12.166666666666666
61,rubbish,44,68,0.0003607253086419753,7.333333333333333
62,rubbish,268,252,0.00814236111111111,42.0
63,rubbish,142,134,0.0022940779320987656,22.333333333333332
63,rubbish,68,76,0.0006230709876543209,11.333333333333334
63,rubbish,147,107,0.0018963396990740742,17.833333333333332
64,rubbish,65,49,0.0003839940200617284,8.166666666666666
64,rubbish,115,99,0.0013726128472222221,16.5
64,rubbish,178,147,0.003154658564814815,24.5
64,rubbish,65,68,0.0005328896604938272,10.833333333333334
64,rubbish,123,65,0.0009639033564814815,10.833333333333334
64,rubbish,42,78,0.0003949652777777778,7.0
65,rubbish,76,89,0.0008154899691358025,12.666666666666666
65,rubbish,39,81,0.000380859375,6.5
65,rubbish,42,99,0.0005013020833333333,7.0
66,rubbish,151,146,0.002657937885802469,24.333333333333332
66,rubbish,123,115,0.0017053674768518518,19.166666666666668
66,rubbish,73,89,0.000783299575617284,12.166666666666666
66,rubbish,109,78,0.0010250289351851852,13.0
66,rubbish,84,47,0.0004759837962962963,7.833333333333333
66,rubbish,64,78,0.0006018518518518519,10.666666666666666
67,rubbish,36,43,0.00018663194444444445,6.0
67,rubbish,173,168,0.003504050925925926,28.0
67,rubbish,86,78,0.000808738425925926,13.0
67,rubbish,226,92,0.0025067515432098766,15.333333333333334
67,rubbish,121,149,0.002173635223765432,20.166666666666668
67,rubbish,86,65,0.0006739486882716049,10.833333333333334
68,rubbish,78,78,0.0007335069444444444,13.0
68,rubbish,150,71,0.0012839988425925927,11.833333333333334
69,rubbish,115,84,0.0011646412037037038,14.0
69,rubbish,102,63,0.0007747395833333333,10.5
69,rubbish,121,44,0.0006418788580246914,7.333333333333333
69,rubbish,65,73,0.0005720727237654321,10.833333333333334
69,rubbish,65,55,0.00043101369598765434,9.166666666666666
70,rubbish,151,75,0.001365379050925926,12.5
70,rubbish,30,58,0.0002097800925925926,5.0
70,rubbish,213,117,0.0030045572916666667,19.5
70,rubbish,106,73,0.0009329185956790123,12.166666666666666
70,rubbish,75,87,0.0007866753472222222,12.5
70,rubbish,95,84,0.0009620949074074074,14.0
70,rubbish,67,44,0.000355420524691358,7.333333333333333
71,rubbish,126,136,0.002065972222222222,21.0
72,rubbish,89,81,0.000869140625,13.5
72,rubbish,140,162,0.002734375,23.333333333333332
72,rubbish,95,84,0.0009620949074074074,14.0
72,rubbish,101,84,0.0010228587962962962,14.0
72,rubbish,87,53,0.0005559172453703704,8.833333333333334
72,rubbish,196,120,0.0028356481481481483,20.0
73,rubbish,94,57,0.0006459780092592592,9.5
73,rubbish,278,276,0.009250578703703704,46.0
74,rubbish,176,173,0.0036709104938271605,28.833333333333332
74,rubbish,97,147,0.0017191116898148148,16.166666666666668
74,rubbish,123,49,0.000726634837962963,8.166666666666666
74,rubbish,89,57,0.0006116174768518519,9.5
74,rubbish,136,105,0.0017216435185185186,17.5
75,rubbish,75,56,0.0005063657407407407,9.333333333333334
75,rubbish,109,75,0.0009856047453703704,12.5
75,rubbish,78,67,0.0006300636574074074,11.166666666666666
75,rubbish,151,137,0.002494092399691358,22.833333333333332
75,rubbish,129,112,0.0017418981481481482,18.666666666666668
76,rubbish,131,105,0.001658347800925926,17.5
76,rubbish,63,147,0.0011165364583333333,10.5
76,rubbish,71,65,0.0005563994984567901,10.833333333333334
76,rubbish,92,76,0.0008429783950617284,12.666666666666666
77,rubbish,73,106,0.0009329185956790123,12.166666666666666
77,rubbish,92,109,0.001209008487654321,15.333333333333334
78,rubbish,165,157,0.003123191550925926,26.166666666666668
79,rubbish,160,121,0.002334104938271605,20.166666666666668
80,rubbish,76,92,0.0008429783950617284,12.666666666666666
80,rubbish,236,221,0.006288097993827161,36.833333333333336
80,rubbish,105,63,0.0007975260416666667,10.5
80,rubbish,121,94,0.001371286651234568,15.666666666666666
81,rubbish,157,176,0.0033314043209876545,26.166666666666668
81,rubbish,94,81,0.00091796875,13.5
81,rubbish,226,110,0.0029972029320987654,18.333333333333332
81,rubbish,94,160,0.0018132716049382715,15.666666666666666
81,rubbish,84,160,0.0016203703703703703,14.0
82,rubbish,126,136,0.002065972222222222,21.0
82,rubbish,31,36,0.0001345486111111111,5.166666666666667
82,rubbish,44,60,0.00031828703703703706,7.333333333333333
82,rubbish,144,71,0.0012326388888888888,11.833333333333334
82,rubbish,55,147,0.0009747540509259259,9.166666666666666
83,rubbish,92,84,0.000931712962962963,14.0
84,rubbish,92,84,0.000931712962962963,14.0
84,rubbish,63,71,0.0005392795138888888,10.5
85,rubbish,239,242,0.00697313850308642,39.833333333333336
85,rubbish,86,63,0.0006532118055555555,10.5
85,rubbish,115,92,0.001275559413580247,15.333333333333334
86,rubbish,92,65,0.0007209683641975309,10.833333333333334
86,rubbish,110,89,0.0011803144290123456,14.833333333333334
86,rubbish,142,102,0.0017462384259259258,17.0
86,rubbish,92,89,0.0009871720679012345,14.833333333333334
86,rubbish,57,78,0.0005360243055555555,9.5
86,rubbish,39,63,0.00029622395833333334,6.5
87,rubbish,113,84,0.0011443865740740741,14.0
87,rubbish,118,89,0.0012661554783950618,14.833333333333334
88,rubbish,136,134,0.002197145061728395,22.333333333333332
89,rubbish,63,68,0.0005164930555555555,10.5
89,rubbish,65,57,0.0004466869212962963,9.5
89,rubbish,71,60,0.000513599537037037,10.0
89,rubbish,107,102,0.0013158275462962963,17.0
89,rubbish,128,73,0.0011265432098765433,12.166666666666666
89,rubbish,200,168,0.004050925925925926,28.0
90,rubbish,75,101,0.0009132667824074075,12.5
90,rubbish,151,115,0.002093581211419753,19.166666666666668
90,rubbish,98,106,0.0012524112654320988,16.333333333333332
91,rubbish,63,55,0.0004177517361111111,9.166666666666666
91,rubbish,242,281,0.008198543595679012,40.333333333333336
92,rubbish,217,32,0.0005786666666666667,5.12
92,rubbish,121,144,0.001452,19.36
92,rubbish,154,92,0.0011806666666666667,14.72
92,rubbish,177,138,0.0020355,22.08
92,rubbish,105,167,0.00146125,16.8
92,rubbish,197,161,0.0026430833333333332,25.76
92,rubbish,102,92,0.000782,14.72
92,rubbish,125,82,0.0008541666666666667,13.12
92,rubbish,102,111,0.0009435,16.32
92,rubbish,230,184,0.0035266666666666667,29.44
92,rubbish,134,128,0.0014293333333333332,20.48
92,rubbish,164,135,0.001845,21.6
92,rubbish,134,95,0.0010608333333333333,15.2
92,rubbish,125,75,0.00078125,12.0
93,rubbish,118,62,0.0006096666666666667,9.92
93,rubbish,95,46,0.00036416666666666666,7.36
93,rubbish,108,49,0.000441,7.84
93,rubbish,29,26,6.283333333333333e-05,4.16
93,rubbish,46,36,0.000138,5.76
93,rubbish,92,92,0.0007053333333333333,14.72
93,rubbish,134,105,0.0011725,16.8
93,rubbish,154,167,0.0021431666666666665,24.64
93,rubbish,95,36,0.000285,5.76
93,rubbish,75,49,0.00030625,7.84
93,rubbish,82,79,0.0005398333333333334,12.64
94,rubbish,79,69,0.00045425,11.04
94,rubbish,260,207,0.004485,33.12
94,rubbish,72,65,0.00039,10.4
94,rubbish,88,184,0.0013493333333333332,14.08
94,rubbish,79,85,0.0005595833333333334,12.64
94,rubbish,72,82,0.000492,11.52
94,rubbish,207,105,0.00181125,16.8
94,rubbish,69,82,0.0004715,11.04
94,rubbish,82,92,0.0006286666666666667,13.12
94,rubbish,1188,754,0.074646,120.64
94,rubbish,688,355,0.020353333333333334,56.8
95,rubbish,207,276,0.004761,33.12
95,rubbish,62,111,0.0005735,9.92
95,rubbish,102,115,0.0009775,16.32
96,rubbish,65,83,0.0009034574874269531,11.34133042529989
96,rubbish,17,40,0.0001138741596756864,2.966194111232279
97,rubbish,177,82,0.0012095,13.12
98,rubbish,43,40,0.00028803463917967734,6.97928026172301
99,rubbish,59,152,0.0007355179726211472,9.365079365079366
100,rubbish,190,128,0.0020266666666666666,20.48
100,rubbish,118,79,0.0007768333333333334,12.64
100,rubbish,111,49,0.00045325,7.84
100,rubbish,348,302,0.008758,48.32
100,rubbish,125,29,0.00030208333333333335,4.64
100,rubbish,95,65,0.0005145833333333334,10.4
100,rubbish,95,26,0.00020583333333333334,4.16
100,rubbish,72,62,0.000372,9.92
100,rubbish,79,69,0.00045425,11.04
100,rubbish,55,62,0.00028416666666666667,8.8
100,rubbish,62,42,0.000217,6.72
100,rubbish,546,437,0.0198835,69.92
101,rubbish,92,92,0.0007053333333333333,14.72
101,rubbish,158,187,0.0024621666666666668,25.28
102,rubbish,112,46,0.00042254556143445034,7.301587301587301
102,rubbish,89,63,0.0004598627645502645,10.0
103,rubbish,102,167,0.0014195,16.32
103,rubbish,92,75,0.000575,12.0
104,rubbish,95,59,0.00046708333333333335,9.44
104,rubbish,52,49,0.00021233333333333334,7.84
104,rubbish,42,52,0.000182,6.72
104,rubbish,197,72,0.001182,11.52
104,rubbish,115,111,0.00106375,17.76
105,rubbish,115,88,0.0008433333333333333,14.08
105,rubbish,154,148,0.0018993333333333334,23.68
105,rubbish,92,46,0.00035266666666666666,7.36
105,rubbish,105,125,0.00109375,16.8
105,rubbish,92,75,0.000575,12.0
105,rubbish,79,59,0.0003884166666666667,9.44
105,rubbish,72,55,0.00033,8.8
105,rubbish,85,59,0.00041791666666666664,9.44
105,rubbish,39,39,0.00012675,6.24
106,rubbish,159,116,0.0015126999874023684,18.41269841269841
107,rubbish,74,68,0.004095052083333333,34.0
107,rubbish,75,32,0.001953125,16.0
108,rubbish,49,26,0.00010616666666666667,4.16
108,rubbish,46,36,0.000138,5.76
108,rubbish,115,88,0.0008433333333333333,14.08
108,rubbish,207,184,0.003174,29.44
108,rubbish,171,141,0.00200925,22.56
108,rubbish,128,158,0.0016853333333333334,20.48
108,rubbish,128,108,0.001152,17.28
108,rubbish,237,200,0.00395,32.0
108,rubbish,174,148,0.002146,23.68
109,rubbish,79,52,0.0003423333333333333,8.32
109,rubbish,95,108,0.000855,15.2
109,rubbish,88,72,0.000528,11.52
110,rubbish,233,69,0.00133975,11.04
110,rubbish,111,62,0.0005735,9.92
110,rubbish,204,85,0.001445,13.6
110,rubbish,102,55,0.0004675,8.8
110,rubbish,105,88,0.00077,14.08
110,rubbish,148,62,0.0007646666666666666,9.92
110,rubbish,161,158,0.0021198333333333334,25.28
110,rubbish,154,161,0.0020661666666666667,24.64
110,rubbish,85,174,0.0012325,13.6
110,rubbish,154,85,0.0010908333333333334,13.6
110,rubbish,148,88,0.0010853333333333333,14.08
110,rubbish,92,55,0.00042166666666666665,8.8
110,rubbish,46,42,0.000161,6.72
110,rubbish,95,39,0.00030875,6.24
110,rubbish,75,118,0.0007375,12.0
110,rubbish,52,49,0.00021233333333333334,7.84
110,rubbish,39,42,0.0001365,6.24
110,rubbish,115,65,0.0006229166666666667,10.4
110,rubbish,55,46,0.00021083333333333333,7.36
110,rubbish,49,131,0.0005349166666666666,7.84
110,rubbish,194,171,0.0027645,27.36
110,rubbish,65,59,0.00031958333333333334,9.44
110,rubbish,121,39,0.00039325,6.24
110,rubbish,108,55,0.000495,8.8
110,rubbish,102,108,0.000918,16.32
110,rubbish,253,171,0.00360525,27.36
110,rubbish,49,29,0.00011841666666666667,4.64
110,rubbish,62,59,0.00030483333333333333,9.44
110,rubbish,82,75,0.0005125,12.0
110,rubbish,79,59,0.0003884166666666667,9.44
110,rubbish,79,72,0.000474,11.52
110,rubbish,121,82,0.0008268333333333333,13.12
110,rubbish,108,85,0.000765,13.6
110,rubbish,118,82,0.0008063333333333334,13.12
110,rubbish,59,55,0.0002704166666666667,8.8
110,rubbish,98,125,0.0010208333333333332,15.68
110,rubbish,39,42,0.0001365,6.24
110,rubbish,92,85,0.0006516666666666667,13.6
110,rubbish,151,82,0.0010318333333333334,13.12
110,rubbish,42,46,0.000161,6.72
110,rubbish,121,138,0.0013915,19.36
110,rubbish,69,75,0.00043125,11.04
110,rubbish,260,105,0.002275,16.8
110,rubbish,154,148,0.0018993333333333334,23.68
110,rubbish,115,59,0.0005654166666666666,9.44
110,rubbish,46,39,0.0001495,6.24
110,rubbish,69,65,0.00037375,10.4
110,rubbish,88,79,0.0005793333333333333,12.64
110,rubbish,69,49,0.00028175,7.84
110,rubbish,55,36,0.000165,5.76
110,rubbish,79,65,0.00042791666666666667,10.4
110,rubbish,286,181,0.004313833333333334,28.96
110,rubbish,184,55,0.0008433333333333333,8.8
110,rubbish,98,174,0.001421,15.68
110,rubbish,111,69,0.00063825,11.04
110,rubbish,92,151,0.0011576666666666667,14.72
110,rubbish,161,95,0.0012745833333333333,15.2
110,rubbish,134,98,0.0010943333333333332,15.68
110,rubbish,177,194,0.0028615,28.32
110,rubbish,125,164,0.0017083333333333334,20.0
110,rubbish,55,88,0.00040333333333333334,8.8
110,rubbish,293,204,0.004981,32.64
110,rubbish,1455,358,0.0434075,57.28
110,rubbish,319,164,0.004359666666666667,26.24
110,rubbish,46,49,0.00018783333333333334,7.36
111,rubbish,167,79,0.0010994166666666667,12.64
111,rubbish,82,75,0.0005125,12.0
111,rubbish,92,88,0.0006746666666666666,14.08
111,rubbish,108,105,0.000945,16.8
111,rubbish,75,115,0.00071875,12.0
112,rubbish,177,111,0.00163725,17.76
112,rubbish,69,108,0.000621,11.04
112,rubbish,134,158,0.0017643333333333332,21.44
112,rubbish,102,128,0.001088,16.32
112,rubbish,138,85,0.0009775,13.6
113,rubbish,131,59,0.0006440833333333333,9.44
113,rubbish,210,237,0.0041475,33.6
113,rubbish,329,316,0.008663666666666667,50.56
113,rubbish,52,39,0.000169,6.24
113,rubbish,262,378,0.008253,41.92
113,rubbish,79,151,0.0009940833333333334,12.64
113,rubbish,98,85,0.0006941666666666667,13.6
113,rubbish,65,42,0.0002275,6.72
113,rubbish,88,82,0.0006013333333333334,13.12
113,rubbish,69,75,0.00043125,11.04
113,rubbish,332,299,0.008272333333333333,47.84
113,rubbish,82,79,0.0005398333333333334,12.64
113,rubbish,200,88,0.0014666666666666667,14.08
113,rubbish,121,95,0.0009579166666666667,15.2
113,rubbish,55,102,0.0004675,8.8
113,rubbish,85,55,0.0003895833333333333,8.8
113,rubbish,121,55,0.0005545833333333334,8.8
114,rubbish,95,98,0.0007758333333333333,15.2
114,rubbish,151,85,0.0010695833333333334,13.6
114,rubbish,210,177,0.0030975,28.32
114,rubbish,227,148,0.002799666666666667,23.68
114,rubbish,460,625,0.023958333333333335,73.6
114,rubbish,121,65,0.0006554166666666667,10.4
114,rubbish,121,59,0.0005949166666666667,9.44
114,rubbish,95,79,0.0006254166666666667,12.64
114,rubbish,200,52,0.0008666666666666666,8.32
114,rubbish,55,75,0.00034375,8.8
114,rubbish,105,49,0.00042875,7.84
114,rubbish,174,177,0.0025665,27.84
114,rubbish,200,253,0.004216666666666666,32.0
114,rubbish,82,108,0.000738,13.12
114,rubbish,602,306,0.015351,48.96
114,rubbish,121,88,0.0008873333333333333,14.08
114,rubbish,79,49,0.00032258333333333336,7.84
114,rubbish,85,55,0.0003895833333333333,8.8
114,rubbish,128,144,0.001536,20.48
114,rubbish,233,121,0.0023494166666666668,19.36
114,rubbish,82,59,0.0004031666666666667,9.44
114,rubbish,85,65,0.00046041666666666665,10.4
114,rubbish,276,167,0.003841,26.72
114,rubbish,49,52,0.00021233333333333334,7.84
114,rubbish,36,59,0.000177,5.76
114,rubbish,85,138,0.0009775,13.6
114,rubbish,125,79,0.0008229166666666667,12.64
114,rubbish,260,181,0.003921666666666667,28.96
114,rubbish,111,125,0.00115625,17.76
114,rubbish,144,88,0.001056,14.08
114,rubbish,105,46,0.0004025,7.36
114,rubbish,115,121,0.0011595833333333334,18.4
114,rubbish,177,161,0.00237475,25.76
114,rubbish,151,46,0.0005788333333333333,7.36
114,rubbish,289,362,0.008718166666666667,46.24
115,rubbish,56,53,0.002415364583333333,26.5
116,rubbish,131,92,0.0010043333333333334,14.72
116,rubbish,42,29,0.0001015,4.64
116,rubbish,75,72,0.00045,11.52
116,rubbish,105,62,0.0005425,9.92
116,rubbish,69,102,0.0005865,11.04
116,rubbish,154,144,0.001848,23.04
116,rubbish,69,65,0.00037375,10.4
116,rubbish,46,62,0.00023766666666666668,7.36
116,rubbish,138,79,0.0009085,12.64
116,rubbish,69,62,0.0003565,9.92
117,rubbish,88,62,0.00045466666666666664,9.92
117,rubbish,111,98,0.0009065,15.68
117,rubbish,111,98,0.0009065,15.68
117,rubbish,98,75,0.0006125,12.0
117,rubbish,102,72,0.000612,11.52
117,rubbish,98,55,0.00044916666666666667,8.8
118,rubbish,131,135,0.00147375,20.96
118,rubbish,243,102,0.0020655,16.32
118,rubbish,102,75,0.0006375,12.0
118,rubbish,46,46,0.00017633333333333333,7.36
118,rubbish,398,200,0.006633333333333333,32.0
118,rubbish,65,49,0.0002654166666666667,7.84
119,rubbish,69,75,0.00043125,11.04
119,rubbish,102,72,0.000612,11.52
119,rubbish,141,171,0.00200925,22.56
120,rubbish,102,72,0.000612,11.52
120,rubbish,105,118,0.0010325,16.8
120,rubbish,118,55,0.0005408333333333334,8.8
120,rubbish,72,39,0.000234,6.24
120,rubbish,49,36,0.000147,5.76
121,rubbish,55,52,0.00023833333333333334,8.32
121,rubbish,125,65,0.0006770833333333334,10.4
121,rubbish,131,98,0.0010698333333333332,15.68
121,rubbish,148,135,0.001665,21.6
121,rubbish,141,154,0.0018095,22.56
121,rubbish,88,98,0.0007186666666666667,14.08
121,rubbish,88,85,0.0006233333333333334,13.6
121,rubbish,59,59,0.00029008333333333333,9.44
121,rubbish,273,190,0.0043225,30.4
121,rubbish,111,82,0.0007585,13.12
121,rubbish,174,174,0.002523,27.84
121,rubbish,296,349,0.008608666666666667,47.36
121,rubbish,207,111,0.00191475,17.76
121,rubbish,144,187,0.002244,23.04
121,rubbish,92,115,0.0008816666666666667,14.72
121,rubbish,72,184,0.001104,11.52
121,rubbish,148,171,0.002109,23.68
121,rubbish,138,319,0.0036685,22.08
122,rubbish,98,52,0.00042466666666666667,8.32
122,rubbish,52,95,0.0004116666666666667,8.32
122,rubbish,105,69,0.00060375,11.04
122,rubbish,69,131,0.00075325,11.04
122,rubbish,72,59,0.000354,9.44
122,rubbish,609,276,0.014007,44.16
122,rubbish,95,75,0.00059375,12.0
122,rubbish,102,240,0.00204,16.32
122,rubbish,46,59,0.00022616666666666667,7.36
122,rubbish,161,95,0.0012745833333333333,15.2
122,rubbish,161,102,0.0013685,16.32
123,rubbish,59,79,0.0003884166666666667,9.44
123,rubbish,108,115,0.001035,17.28
123,rubbish,210,85,0.0014875,13.6
123,rubbish,164,75,0.001025,12.0
124,rubbish,69,85,0.00048875,11.04
125,rubbish,190,138,0.002185,22.08
125,rubbish,171,167,0.00237975,26.72
126,rubbish,100,89,0.007242838541666667,44.5
126,rubbish,96,119,0.009296875,48.0
126,rubbish,75,60,0.003662109375,30.0
126,rubbish,84,98,0.00669921875,42.0
126,rubbish,146,46,0.005465494791666667,23.0
126,rubbish,20,15,0.000244140625,7.5
126,rubbish,87,130,0.0092041015625,43.5
126,rubbish,55,41,0.0018351236979166667,20.5
126,rubbish,79,133,0.008550618489583333,39.5
126,rubbish,110,75,0.0067138671875,37.5
126,rubbish,56,119,0.005423177083333334,28.0
126,rubbish,32,31,0.0008072916666666667,15.5
127,rubbish,101,78,0.0064111328125,39.0
127,rubbish,26,8,0.00016927083333333334,4.0
127,rubbish,39,30,0.0009521484375,15.0
127,rubbish,22,12,0.00021484375,6.0
127,rubbish,88,136,0.009739583333333333,44.0
127,rubbish,42,47,0.0016064453125,21.0
127,rubbish,126,125,0.0128173828125,62.5
127,rubbish,64,118,0.006145833333333333,32.0
127,rubbish,60,82,0.00400390625,30.0
127,rubbish,91,125,0.009256998697916666,45.5
127,rubbish,22,21,0.0003759765625,10.5
127,rubbish,81,123,0.00810791015625,40.5
127,rubbish,312,42,0.0106640625,21.0
128,rubbish,83,58,0.0008061620657040504,10.119956379498364
128,rubbish,58,146,0.0014180682119613417,10.119956379498364
129,rubbish,45,68,0.0005124337185405888,7.851690294438386
129,rubbish,12,30,6.028631982830456e-05,2.093784078516903
130,rubbish,66,88,0.0047265625,33.0
130,rubbish,89,69,0.00499755859375,34.5
130,rubbish,27,24,0.00052734375,12.0
131,rubbish,151,148,0.0018623333333333332,23.68
131,rubbish,246,138,0.002829,22.08
131,rubbish,112,62,0.0005786666666666667,9.92
131,rubbish,154,111,0.0014245,17.76
132,rubbish,75,45,0.0005651842483903553,7.851690294438386
133,rubbish,45,53,0.00039939686886251774,7.851690294438386
134,rubbish,43,27,0.0001944233814462822,4.711014176663031
134,rubbish,20,22,7.368327979015003e-05,3.489640130861505
134,rubbish,86,37,0.000532864082482403,6.455834242093784
135,rubbish,103,126,0.0021733218298103795,17.97164667393675
136,rubbish,197,69,0.00113275,11.04
137,rubbish,86,103,0.0014833783917753383,15.005452562704471
138,rubbish,296,128,0.003157333333333333,20.48
138,rubbish,430,316,0.011323333333333333,50.56
138,rubbish,72,62,0.000372,9.92
138,rubbish,108,79,0.000711,12.64
138,rubbish,72,42,0.000252,6.72
138,rubbish,52,46,0.00019933333333333334,7.36
138,rubbish,154,115,0.0014758333333333333,18.4
138,rubbish,141,105,0.00123375,16.8
138,rubbish,148,135,0.001665,21.6
138,rubbish,88,125,0.0009166666666666666,14.08
138,rubbish,85,75,0.00053125,12.0
138,rubbish,65,46,0.0002491666666666667,7.36
138,rubbish,52,167,0.0007236666666666666,8.32
138,rubbish,49,59,0.00024091666666666668,7.84
138,rubbish,98,197,0.0016088333333333334,15.68
138,rubbish,345,286,0.0082225,45.76
139,rubbish,95,171,0.00135375,15.2
139,rubbish,72,52,0.000312,8.32
139,rubbish,138,75,0.0008625,12.0
139,rubbish,42,65,0.0002275,6.72
139,rubbish,181,88,0.0013273333333333334,14.08
139,rubbish,95,72,0.00057,11.52
139,rubbish,95,115,0.0009104166666666667,15.2
139,rubbish,138,111,0.0012765,17.76
140,rubbish,108,227,0.002043,17.28
141,rubbish,177,316,0.004661,28.32
141,rubbish,174,161,0.0023345,25.76
141,rubbish,62,62,0.00032033333333333333,9.92
141,rubbish,85,105,0.00074375,13.6
141,rubbish,62,108,0.000558,9.92
141,rubbish,69,55,0.00031625,8.8
141,rubbish,69,111,0.00063825,11.04
142,rubbish,75,42,0.0002625,6.72
142,rubbish,92,177,0.001357,14.72
142,rubbish,217,105,0.00189875,16.8
142,rubbish,85,36,0.000255,5.76
143,rubbish,85,55,0.0003895833333333333,8.8
143,rubbish,65,65,0.0003520833333333333,10.4
143,rubbish,102,148,0.001258,16.32
143,rubbish,223,184,0.0034193333333333333,29.44
143,rubbish,217,55,0.0009945833333333334,8.8
143,rubbish,184,135,0.00207,21.6
143,rubbish,75,151,0.00094375,12.0
143,rubbish,141,135,0.00158625,21.6
143,rubbish,240,121,0.00242,19.36
143,rubbish,62,49,0.0002531666666666667,7.84
143,rubbish,134,135,0.0015075,21.44
143,rubbish,144,105,0.00126,16.8
143,rubbish,121,151,0.0015225833333333333,19.36
143,rubbish,167,220,0.0030616666666666665,26.72
143,rubbish,187,214,0.0033348333333333333,29.92
144,rubbish,121,49,0.0004940833333333334,7.84
144,rubbish,204,144,0.002448,23.04
144,rubbish,65,102,0.0005525,10.4
144,rubbish,82,131,0.0008951666666666666,13.12
144,rubbish,115,88,0.0008433333333333333,14.08
144,rubbish,39,52,0.000169,6.24
144,rubbish,88,55,0.00040333333333333334,8.8
145,rubbish,134,55,0.0006141666666666666,8.8
145,rubbish,184,72,0.001104,11.52
145,rubbish,65,95,0.0005145833333333334,10.4
145,rubbish,92,59,0.00045233333333333334,9.44
146,rubbish,128,174,0.001856,20.48
146,rubbish,55,144,0.00066,8.8
146,rubbish,167,65,0.0009045833333333333,10.4
146,rubbish,154,118,0.0015143333333333332,18.88
147,rubbish,73,126,0.0007543816137566137,11.587301587301587
147,rubbish,132,126,0.0013640873015873015,20.0
147,rubbish,225,262,0.004834833238851096,35.714285714285715
148,rubbish,35,51,0.00145263671875,17.5
148,rubbish,46,39,0.0014599609375,19.5
148,rubbish,36,29,0.000849609375,14.5
148,rubbish,11,29,0.0002596028645833333,5.5
148,rubbish,18,16,0.000234375,8.0
148,rubbish,8,16,0.00010416666666666667,4.0
148,rubbish,21,8,0.00013671875,4.0
148,rubbish,21,7,0.00011962890625,3.5
148,rubbish,14,22,0.00025065104166666665,7.0
148,rubbish,21,14,0.0002392578125,7.0
148,rubbish,18,19,0.0002783203125,9.0
148,rubbish,16,23,0.00029947916666666664,8.0
148,rubbish,16,30,0.000390625,8.0
148,rubbish,26,16,0.0003385416666666667,8.0
148,rubbish,19,29,0.00044840494791666667,9.5
148,rubbish,25,16,0.0003255208333333333,8.0
148,rubbish,11,28,0.00025065104166666665,5.5
148,rubbish,12,19,0.000185546875,6.0
148,rubbish,33,28,0.000751953125,14.0
148,rubbish,32,14,0.00036458333333333335,7.0
148,rubbish,12,29,0.000283203125,6.0
148,rubbish,25,12,0.000244140625,6.0
148,rubbish,22,18,0.000322265625,9.0
149,rubbish,101,129,0.002181862391786056,17.6226826608506
149,rubbish,83,60,0.0008339607576248797,10.468920392584515
149,rubbish,48,37,0.00029741251115296917,6.455834242093784
149,rubbish,25,35,0.00014652924958268468,4.362050163576881
149,rubbish,27,12,5.425768784547411e-05,2.093784078516903
149,rubbish,45,25,0.00018839474946345176,4.362050163576881
149,rubbish,53,32,0.0002840155511911237,5.583424209378408
149,rubbish,118,83,0.0016401228233289301,14.482006543075245
149,rubbish,68,70,0.0007971191177298047,11.864776444929117
149,rubbish,65,63,0.0006857568880469643,10.992366412213741
149,rubbish,50,75,0.0006279824982115058,8.724100327153762
149,rubbish,32,25,0.00013396959961845458,4.362050163576881
150,rubbish,111,35,0.0006505898681471201,6.106870229007634
150,rubbish,113,134,0.0025357095967782992,19.7164667393675
150,rubbish,159,111,0.0029555368295826312,19.36750272628135
150,rubbish,113,81,0.0015327796816346434,14.133042529989094
150,rubbish,60,32,0.000321527039084291,5.583424209378408
150,rubbish,55,27,0.0002486810692917563,4.711014176663031
150,rubbish,35,27,0.00015825158954929947,4.711014176663031
150,rubbish,45,37,0.0002788242292059086,6.455834242093784
150,rubbish,45,32,0.00024114527931321823,5.583424209378408
151,rubbish,126,63,0.0013293133522141157,10.992366412213741
151,rubbish,149,55,0.001372351086091544,9.59651035986914
151,rubbish,73,63,0.0007701577358065907,10.992366412213741
151,rubbish,58,63,0.0006119061462572913,10.119956379498364
151,rubbish,37,63,0.000390353920888272,6.455834242093784
151,rubbish,106,83,0.0014733306718039542,14.482006543075245
151,rubbish,43,27,0.0001944233814462822,4.711014176663031
151,rubbish,35,22,0.00012894573963276253,3.8386041439476553
151,rubbish,75,35,0.0004395877487480541,6.106870229007634
151,rubbish,17,15,4.27028098783824e-05,2.6172300981461287
151,rubbish,50,17,0.000142342699594608,2.966194111232279
151,rubbish,75,25,0.0003139912491057529,4.362050163576881
151,rubbish,73,50,0.000611236298259199,8.724100327153762
151,rubbish,81,45,0.0006103989882615836,7.851690294438386
151,rubbish,55,20,0.00018420819947537504,3.489640130861505
152,rubbish,182,55,0.001676294615225913,9.59651035986914
152,rubbish,86,86,0.0012385489484726126,15.005452562704471
152,rubbish,83,73,0.0010146522551102704,12.737186477644492
152,rubbish,124,28,0.0005814280623440929,4.885496183206107
152,rubbish,146,139,0.0033984738183211465,24.25299890948746
152,rubbish,43,65,0.0004680562886669757,7.502726281352236
152,rubbish,63,53,0.0005591556164075248,9.247546346782988
153,rubbish,96,65,0.0010449628770239456,11.34133042529989
153,rubbish,58,101,0.0009809923932061336,10.119956379498364
153,rubbish,101,73,0.001234697322483582,12.737186477644492
153,rubbish,27,17,7.686505778108832e-05,2.966194111232279
154,rubbish,116,154,0.002991541159480091,20.239912758996727
154,rubbish,116,27,0.0005244909825062497,4.711014176663031
154,rubbish,108,53,0.0009585524852700426,9.247546346782988
154,rubbish,53,55,0.00048815172860974386,9.247546346782988
154,rubbish,78,63,0.0008229082656563573,10.992366412213741
154,rubbish,86,55,0.0007920952577441127,9.59651035986914
154,rubbish,78,45,0.0005877916183259695,7.851690294438386
155,rubbish,68,45,0.0005124337185405888,7.851690294438386
155,rubbish,50,27,0.0002260736993561421,4.711014176663031
155,rubbish,75,48,0.0006028631982830456,8.375136314067612
155,rubbish,75,91,0.0011429281467449407,13.086150490730644
155,rubbish,15,12,3.014315991415228e-05,2.093784078516903
155,rubbish,53,68,0.0006035330462811378,9.247546346782988
155,rubbish,58,45,0.0004370758187552081,7.851690294438386
155,rubbish,37,15,9.294140973530286e-05,2.6172300981461287
155,rubbish,73,63,0.0007701577358065907,10.992366412213741
155,rubbish,45,45,0.00033911054903421316,7.851690294438386
156,rubbish,101,83,0.001403833942001881,14.482006543075245
156,rubbish,101,88,0.0014884022517610304,15.354416575790621
156,rubbish,48,70,0.0005626723183975093,8.375136314067612
156,rubbish,53,45,0.00039939686886251774,7.851690294438386
156,rubbish,98,86,0.001411369731980419,15.005452562704471
156,rubbish,35,103,0.0006037005082806609,6.106870229007634
156,rubbish,50,37,0.00030980469911767624,6.455834242093784
156,rubbish,144,103,0.0024837963769261478,17.97164667393675
157,rubbish,55,43,0.00039604762887205633,7.502726281352236
157,rubbish,96,81,0.0013021845082913785,14.133042529989094
157,rubbish,121,48,0.0009726192932299802,8.375136314067612
157,rubbish,210,248,0.008721420935161393,36.6412213740458
158,rubbish,68,63,0.0007174072059568243,10.992366412213741
158,rubbish,98,91,0.0014934261117467225,15.877862595419847
158,rubbish,43,50,0.0003600432989745967,7.502726281352236
158,rubbish,108,58,0.0010489819650124994,10.119956379498364
158,rubbish,81,32,0.00043406150276379285,5.583424209378408
158,rubbish,20,50,0.00016746199952306822,3.489640130861505
159,rubbish,73,53,0.000647910476154751,9.247546346782988
159,rubbish,81,55,0.0007460432078752689,9.59651035986914
159,rubbish,75,53,0.0006656614481041962,9.247546346782988
159,rubbish,45,40,0.0003014315991415228,6.97928026172301
160,rubbish,65,86,0.0009361125773339514,11.34133042529989
160,rubbish,45,27,0.0002034663294205279,4.711014176663031
160,rubbish,93,70,0.0010901776168951742,12.213740458015268
160,rubbish,32,27,0.00014468716758793095,4.711014176663031
161,rubbish,108,98,0.001772417802952154,17.099236641221374
161,rubbish,210,182,0.0064003976217716675,31.755725190839694
161,rubbish,45,30,0.0002260736993561421,5.2344601962922575
161,rubbish,48,55,0.0004420996787409001,8.375136314067612
161,rubbish,35,48,0.00028133615919875463,6.106870229007634
161,rubbish,48,43,0.00034564156701561284,7.502726281352236
161,rubbish,60,43,0.000432051958769516,7.502726281352236
162,rubbish,111,139,0.0025837711906414196,19.36750272628135
162,rubbish,53,45,0.00039939686886251774,7.851690294438386
162,rubbish,68,50,0.000569370798378432,8.724100327153762
162,rubbish,101,35,0.0005919781683140461,6.106870229007634
162,rubbish,73,37,0.00045231486071180727,6.455834242093784
162,rubbish,43,45,0.000324038969077137,7.502726281352236
163,rubbish,86,93,0.0013393610721854996,15.005452562704471
163,rubbish,68,55,0.0006263078782162752,9.59651035986914
163,rubbish,60,65,0.0006531017981399661,10.468920392584515
163,rubbish,111,75,0.001394121146029543,13.086150490730644
163,rubbish,68,63,0.0007174072059568243,10.992366412213741
163,rubbish,45,73,0.0005501126684332792,7.851690294438386
163,rubbish,22,37,0.00013631406761177754,3.8386041439476553
163,rubbish,55,32,0.0002947331191606001,5.583424209378408
163,rubbish,53,35,0.00031064200911529155,6.106870229007634
163,rubbish,43,25,0.00018002164948729835,4.362050163576881
163,rubbish,30,15,7.53578997853807e-05,2.6172300981461287
164,rubbish,75,93,0.001168047446673401,13.086150490730644
164,rubbish,93,83,0.0012926391743185636,14.482006543075245
164,rubbish,86,91,0.001310557608267532,15.005452562704471
164,rubbish,55,43,0.00039604762887205633,7.502726281352236
164,rubbish,43,25,0.00018002164948729835,4.362050163576881
165,rubbish,154,164,0.004229420259954611,26.870229007633586
165,rubbish,91,45,0.0006857568880469643,7.851690294438386
165,rubbish,73,101,0.001234697322483582,12.737186477644492
165,rubbish,86,45,0.000648077938154274,7.851690294438386
165,rubbish,50,45,0.0003767894989269035,7.851690294438386
165,rubbish,48,20,0.0001607635195421455,3.489640130861505
165,rubbish,40,32,0.00021435135938952733,5.583424209378408
166,rubbish,93,55,0.000856568127560494,9.59651035986914
166,rubbish,96,65,0.0010449628770239456,11.34133042529989
166,rubbish,144,88,0.0021220784579563208,15.354416575790621
166,rubbish,75,40,0.0005023859985692047,6.97928026172301
166,rubbish,60,40,0.0004019087988553637,6.97928026172301
166,rubbish,53,53,0.00047040075666029865,9.247546346782988
166,rubbish,129,63,0.0013609636701239754,10.992366412213741
166,rubbish,45,37,0.0002788242292059086,6.455834242093784
166,rubbish,60,35,0.00035167019899844327,6.106870229007634
166,rubbish,43,37,0.0002664320412412015,6.455834242093784
166,rubbish,78,83,0.0010841489849123438,13.60959651035987
166,rubbish,35,35,0.00020514094941575858,6.106870229007634
167,rubbish,88,96,0.0014147189719708804,15.354416575790621
167,rubbish,93,45,0.0007008284680040405,7.851690294438386
168,rubbish,164,154,0.004229420259954611,26.870229007633586
168,rubbish,113,30,0.0005676961783832012,5.2344601962922575
168,rubbish,164,108,0.0029660869355525843,18.844056706652125
169,rubbish,146,91,0.0022249001256634845,15.877862595419847
169,rubbish,32,17,9.109932774054911e-05,2.966194111232279
169,rubbish,184,78,0.0024034146171550753,13.60959651035987
169,rubbish,65,65,0.0007075269479849633,11.34133042529989
169,rubbish,40,27,0.0001808589594849137,4.711014176663031
169,rubbish,53,27,0.00023963812131751064,4.711014176663031
169,rubbish,43,20,0.00014401731958983867,3.489640130861505
169,rubbish,32,15,8.038175977107274e-05,2.6172300981461287
169,rubbish,45,30,0.0002260736993561421,5.2344601962922575
169,rubbish,35,35,0.00020514094941575858,6.106870229007634
169,rubbish,58,37,0.0003593734509765044,6.455834242093784
169,rubbish,50,53,0.0004437742987361308,8.724100327153762
169,rubbish,45,37,0.0002788242292059086,6.455834242093784
169,rubbish,43,50,0.0003600432989745967,7.502726281352236
170,rubbish,136,116,0.0026418805044759242,20.239912758996727
170,rubbish,45,53,0.00039939686886251774,7.851690294438386
170,rubbish,30,15,7.53578997853807e-05,2.6172300981461287
170,rubbish,53,35,0.00031064200911529155,6.106870229007634
170,rubbish,68,58,0.0006604701261189811,10.119956379498364
170,rubbish,68,63,0.0007174072059568243,10.992366412213741
171,rubbish,78,55,0.0007184119779539627,9.59651035986914
171,rubbish,81,40,0.000542576878454741,6.97928026172301
171,rubbish,65,55,0.000598676648294969,9.59651035986914
171,rubbish,93,93,0.0014483788338750172,16.226826608506
171,rubbish,81,98,0.0013293133522141157,14.133042529989094
171,rubbish,48,27,0.00021703075138189643,4.711014176663031
171,rubbish,50,30,0.00025119299928460235,5.2344601962922575
172,rubbish,126,166,0.003502635182024495,21.984732824427482
172,rubbish,48,60,0.00048229055862643647,8.375136314067612
172,rubbish,93,68,0.0010590296849838834,11.864776444929117
172,rubbish,116,30,0.0005827677583402774,5.2344601962922575
172,rubbish,27,20,9.042947974245684e-05,3.489640130861505
172,rubbish,40,22,0.00014736655958030005,3.8386041439476553
172,rubbish,98,55,0.0009026201774293377,9.59651035986914
172,rubbish,83,55,0.0007644640278228064,9.59651035986914
172,rubbish,58,53,0.0005147781865339117,9.247546346782988
172,rubbish,53,55,0.00048815172860974386,9.247546346782988
173,rubbish,86,60,0.000864103917539032,10.468920392584515
173,rubbish,53,83,0.0007366653359019771,9.247546346782988
173,rubbish,93,63,0.0009811598552056568,10.992366412213741
173,rubbish,75,65,0.0008163772476749575,11.34133042529989
173,rubbish,22,17,6.263078782162752e-05,2.966194111232279
173,rubbish,68,55,0.0006263078782162752,9.59651035986914
173,rubbish,48,37,0.00029741251115296917,6.455834242093784
174,rubbish,22,17,6.263078782162752e-05,2.966194111232279
174,rubbish,55,53,0.00048815172860974386,9.247546346782988
174,rubbish,68,45,0.0005124337185405888,7.851690294438386
174,rubbish,103,70,0.0012074010165613218,12.213740458015268
174,rubbish,88,88,0.0012968257243066404,15.354416575790621
174,rubbish,75,60,0.000753578997853807,10.468920392584515
174,rubbish,53,32,0.0002840155511911237,5.583424209378408
174,rubbish,63,27,0.00028485286118873907,4.711014176663031
174,rubbish,45,22,0.00016578737952783755,3.8386041439476553
174,rubbish,32,15,8.038175977107274e-05,2.6172300981461287
175,rubbish,118,116,0.002292219849471758,20.239912758996727
175,rubbish,75,70,0.0008791754974961082,12.213740458015268
175,rubbish,40,35,0.00023444679933229553,6.106870229007634
175,rubbish,73,40,0.0004889890386073592,6.97928026172301
175,rubbish,53,88,0.0007810427657755902,9.247546346782988
175,rubbish,43,20,0.00014401731958983867,3.489640130861505
175,rubbish,45,20,0.0001507157995707614,3.489640130861505
176,rubbish,73,70,0.0008557308175628786,12.213740458015268
176,rubbish,106,60,0.001065058316966714,10.468920392584515
176,rubbish,45,32,0.00024114527931321823,5.583424209378408
176,rubbish,40,12,8.038175977107274e-05,2.093784078516903
176,rubbish,58,40,0.00038851183889351826,6.97928026172301
176,rubbish,68,40,0.0004554966387027456,6.97928026172301
176,rubbish,45,55,0.0004144684488195939,7.851690294438386
176,rubbish,50,48,0.0004019087988553637,8.375136314067612
176,rubbish,68,53,0.0006035330462811378,9.247546346782988
176,rubbish,156,136,0.0035528737818814153,23.729552889858233
176,rubbish,45,40,0.0003014315991415228,6.97928026172301
177,rubbish,156,174,0.004545588515054164,27.21919302071974
177,rubbish,25,25,0.00010466374970191764,4.362050163576881
177,rubbish,55,40,0.0003684163989507501,6.97928026172301
177,rubbish,45,25,0.00018839474946345176,4.362050163576881
177,rubbish,45,27,0.0002034663294205279,4.711014176663031
177,rubbish,20,17,5.69370798378432e-05,2.966194111232279
177,rubbish,55,131,0.0012065637065637065,9.59651035986914
177,rubbish,83,58,0.0008061620657040504,10.119956379498364
178,rubbish,30,25,0.00012559649964230117,4.362050163576881
178,rubbish,98,65,0.0010667329369619446,11.34133042529989
178,rubbish,32,27,0.00014468716758793095,4.711014176663031
178,rubbish,75,98,0.0012308456964945514,13.086150490730644
178,rubbish,75,88,0.0011052491968522502,13.086150490730644
179,rubbish,111,35,0.0006505898681471201,6.106870229007634
179,rubbish,45,58,0.0004370758187552081,7.851690294438386
179,rubbish,88,108,0.0015915588434672404,15.354416575790621
179,rubbish,93,103,0.0016041184934314705,16.226826608506
180,rubbish,222,118,0.004386834539506296,20.58887677208288
180,rubbish,164,116,0.00318579707892685,20.239912758996727
180,rubbish,50,30,0.00025119299928460235,5.2344601962922575
180,rubbish,30,20,0.00010047719971384093,3.489640130861505
180,rubbish,40,20,0.00013396959961845458,3.489640130861505
180,rubbish,53,35,0.00031064200911529155,6.106870229007634
180,rubbish,55,27,0.0002486810692917563,4.711014176663031
180,rubbish,45,35,0.00026375264924883245,6.106870229007634
180,rubbish,48,58,0.00046621420667222193,8.375136314067612
180,rubbish,40,32,0.00021435135938952733,5.583424209378408
180,rubbish,32,20,0.00010717567969476366,3.489640130861505
180,rubbish,65,48,0.0005224814385119728,8.375136314067612
180,rubbish,68,53,0.0006035330462811378,9.247546346782988
180,rubbish,55,58,0.0005342037784785876,9.59651035986914
180,rubbish,27,12,5.425768784547411e-05,2.093784078516903
181,rubbish,118,162,0.003201203582882972,20.58887677208288
181,rubbish,32,43,0.00023042771134374187,5.583424209378408
181,rubbish,53,37,0.00032839298106473677,6.455834242093784
181,rubbish,139,103,0.0023975534471717677,17.97164667393675
181,rubbish,75,78,0.0009796526972099492,13.086150490730644
181,rubbish,35,17,9.963988971622559e-05,2.966194111232279
181,rubbish,45,22,0.00016578737952783755,3.8386041439476553
181,rubbish,50,43,0.0003600432989745967,7.502726281352236
181,rubbish,88,73,0.0010757758849361903,12.737186477644492
181,rubbish,53,93,0.0008254201956492033,9.247546346782988
182,rubbish,75,106,0.0013313228962083925,13.086150490730644
182,rubbish,151,164,0.004147028956189261,26.346782988004364
182,rubbish,50,50,0.00041865499880767054,8.724100327153762
182,rubbish,96,58,0.0009324284133444439,10.119956379498364
182,rubbish,106,32,0.0005680311023822474,5.583424209378408
182,rubbish,30,10,5.0238599856920466e-05,1.7448200654307524
182,rubbish,35,17,9.963988971622559e-05,2.966194111232279
182,rubbish,22,17,6.263078782162752e-05,2.966194111232279
182,rubbish,37,27,0.00016729453752354517,4.711014176663031
182,rubbish,32,22,0.00011789324766424003,3.8386041439476553
182,rubbish,30,17,8.54056197567648e-05,2.966194111232279
182,rubbish,43,30,0.000216025979384758,5.2344601962922575
182,rubbish,43,37,0.0002664320412412015,6.455834242093784
182,rubbish,177,200,0.0059281547831166155,30.88331515812432
182,rubbish,37,37,0.0002292554773470804,6.455834242093784
183,rubbish,53,48,0.0004260233267866856,8.375136314067612
183,rubbish,96,55,0.0008841993574818002,9.59651035986914
183,rubbish,37,65,0.0004027461088529791,6.455834242093784
183,rubbish,331,268,0.014855219053692336,46.76117775354417
184,rubbish,63,63,0.0006646566761070578,10.992366412213741
184,rubbish,35,45,0.00026375264924883245,6.106870229007634
184,rubbish,103,30,0.0005174575785262808,5.2344601962922575
184,rubbish,98,55,0.0009026201774293377,9.59651035986914
184,rubbish,75,45,0.0005651842483903553,7.851690294438386
184,rubbish,37,33,0.0002044711014176663,5.757906215921483
184,rubbish,27,7,3.165031790985989e-05,1.2213740458015268
184,rubbish,118,96,0.0018970095305973168,16.750272628135225
184,rubbish,88,63,0.0009284093253558903,10.992366412213741
184,rubbish,63,50,0.0005275052984976649,8.724100327153762
184,rubbish,78,63,0.0008229082656563573,10.992366412213741
185,rubbish,96,75,0.0012057263965660912,13.086150490730644
185,rubbish,113,17,0.00032169450108381406,2.966194111232279
185,rubbish,58,55,0.0005342037784785876,9.59651035986914
185,rubbish,37,37,0.0002292554773470804,6.455834242093784
186,rubbish,136,131,0.0029835029835029833,22.857142857142858
186,rubbish,78,55,0.0007184119779539627,9.59651035986914
186,rubbish,63,78,0.0008229082656563573,10.992366412213741
186,rubbish,184,215,0.006624796701132579,32.104689203925844
187,rubbish,22,25,9.210409973768752e-05,3.8386041439476553
187,rubbish,96,53,0.0008520466535733712,9.247546346782988
187,rubbish,199,179,0.0059651638850112135,31.232279171210468
187,rubbish,136,32,0.0007287946219243929,5.583424209378408
187,rubbish,124,103,0.0021388246579086274,17.97164667393675
187,rubbish,65,53,0.00057690658835697,9.247546346782988
187,rubbish,50,65,0.0005442514984499718,8.724100327153762
187,rubbish,53,43,0.00038164589691307247,7.502726281352236
187,rubbish,25,20,8.373099976153411e-05,3.489640130861505
188,rubbish,65,32,0.0003483209590079819,5.583424209378408
188,rubbish,65,60,0.0006531017981399661,10.468920392584515
188,rubbish,32,40,0.00021435135938952733,5.583424209378408
188,rubbish,182,106,0.003230676894799032,18.495092693565976
189,rubbish,101,70,0.0011839563366280923,12.213740458015268
189,rubbish,93,65,0.0010123077871169474,11.34133042529989
189,rubbish,68,45,0.0005124337185405888,7.851690294438386
189,rubbish,324,291,0.015788987163032963,50.774263904034896
189,rubbish,98,83,0.0013621359041206369,14.482006543075245
190,rubbish,53,70,0.0006212840182305831,9.247546346782988
190,rubbish,78,37,0.0004832953306235749,6.455834242093784
190,rubbish,63,60,0.0006330063581971979,10.468920392584515
190,rubbish,63,93,0.0009811598552056568,10.992366412213741
190,rubbish,88,65,0.0009578826372719502,11.34133042529989
191,rubbish,70,53,0.0006212840182305831,9.247546346782988
191,rubbish,98,50,0.0008205637976630343,8.724100327153762
191,rubbish,55,71,0.0006539391081375814,9.59651035986914
191,rubbish,37,25,0.00015490234955883812,4.362050163576881
191,rubbish,63,96,0.0010128101731155166,10.992366412213741
191,rubbish,53,37,0.00032839298106473677,6.455834242093784
191,rubbish,144,129,0.0031107741031405154,22.508178844056708
192,rubbish,83,43,0.0005976718762978304,7.502726281352236
192,rubbish,91,86,0.001310557608267532,15.005452562704471
192,rubbish,15,37,9.294140973530286e-05,2.6172300981461287
192,rubbish,48,20,0.0001607635195421455,3.489640130861505
192,rubbish,10,32,5.358783984738183e-05,1.7448200654307524
192,rubbish,30,37,0.00018588281947060572,5.2344601962922575
192,rubbish,32,15,8.038175977107274e-05,2.6172300981461287
192,rubbish,10,15,2.5119299928460233e-05,1.7448200654307524
192,rubbish,20,10,3.3492399904613646e-05,1.7448200654307524
192,rubbish,45,17,0.0001281084296351472,2.966194111232279
192,rubbish,53,17,0.00015088326157028446,2.966194111232279
192,rubbish,70,30,0.00035167019899844327,5.2344601962922575
192,rubbish,30,20,0.00010047719971384093,3.489640130861505
192,rubbish,10,12,2.0095439942768186e-05,1.7448200654307524
192,rubbish,55,40,0.0003684163989507501,6.97928026172301
192,rubbish,32,12,6.430540781685819e-05,2.093784078516903
192,rubbish,25,15,6.279824982115059e-05,2.6172300981461287
192,rubbish,53,53,0.00047040075666029865,9.247546346782988
192,rubbish,63,65,0.0006857568880469643,10.992366412213741
193,rubbish,118,156,0.00308264048722064,20.58887677208288
194,rubbish,32,20,0.00010717567969476366,3.489640130861505
194,rubbish,78,43,0.0005616675464003709,7.502726281352236
194,rubbish,20,17,5.69370798378432e-05,2.966194111232279
195,rubbish,63,45,0.0004747547686478984,7.851690294438386
195,rubbish,68,55,0.0006263078782162752,9.59651035986914
195,rubbish,106,68,0.0012070660925622757,11.864776444929117
195,rubbish,30,75,0.0003767894989269035,5.2344601962922575
195,rubbish,32,83,0.0004447790707332692,5.583424209378408
195,rubbish,43,88,0.0006336762061952901,7.502726281352236
195,rubbish,60,278,0.002793266152044778,10.468920392584515
196,rubbish,43,43,0.00030963723711815316,7.502726281352236
196,rubbish,27,27,0.00012207979765231674,4.711014176663031
196,rubbish,37,40,0.000247843759294141,6.455834242093784
196,rubbish,30,20,0.00010047719971384093,3.489640130861505
196,rubbish,22,12,4.4209967874090014e-05,2.093784078516903
196,rubbish,40,45,0.0003014315991415228,6.97928026172301
196,rubbish,27,20,9.042947974245684e-05,3.489640130861505
196,rubbish,55,17,0.0001565769695540688,2.966194111232279
197,rubbish,45,98,0.0007385074178967309,7.851690294438386
197,rubbish,37,53,0.00032839298106473677,6.455834242093784
197,rubbish,15,12,3.014315991415228e-05,2.093784078516903
197,rubbish,55,40,0.0003684163989507501,6.97928026172301
197,rubbish,37,37,0.0002292554773470804,6.455834242093784
197,rubbish,68,50,0.000569370798378432,8.724100327153762
197,rubbish,93,68,0.0010590296849838834,11.864776444929117
197,rubbish,12,12,2.4114527931321824e-05,2.093784078516903
197,rubbish,86,98,0.001411369731980419,15.005452562704471
197,rubbish,73,55,0.0006723599280851189,9.59651035986914
197,rubbish,63,40,0.00042200423879813195,6.97928026172301
197,rubbish,124,32,0.0006644892141075347,5.583424209378408
198,rubbish,60,91,0.0009143425173959525,10.468920392584515
198,rubbish,139,91,0.00211822683196729,15.877862595419847
198,rubbish,78,53,0.0006922879060283641,9.247546346782988
199,rubbish,141,60,0.0014167285159651572,10.468920392584515
199,rubbish,86,179,0.0025779100206581125,15.005452562704471
199,rubbish,129,124,0.0026787221443709992,21.63576881134133
200,rubbish,118,91,0.0017982069508787066,15.877862595419847
200,rubbish,121,98,0.001985764390344543,17.099236641221374
200,rubbish,50,43,0.0003600432989745967,7.502726281352236
201,rubbish,116,50,0.0009712795972337958,8.724100327153762
201,rubbish,139,96,0.0022346129216358223,16.750272628135225
201,rubbish,45,70,0.0005275052984976649,7.851690294438386
201,rubbish,48,65,0.0005224814385119728,8.375136314067612
201,rubbish,50,118,0.0009880257971861025,8.724100327153762
201,rubbish,106,382,0.006780871284688079,18.495092693565976
202,rubbish,58,40,0.00038851183889351826,6.97928026172301
202,rubbish,35,15,8.791754974961082e-05,2.6172300981461287
202,rubbish,50,27,0.0002260736993561421,4.711014176663031
202,rubbish,48,30,0.00024114527931321823,5.2344601962922575
202,rubbish,65,37,0.0004027461088529791,6.455834242093784
202,rubbish,81,30,0.0004069326588410558,5.2344601962922575
203,rubbish,106,108,0.0019171049705400851,18.495092693565976
203,rubbish,70,55,0.0006447286981638127,9.59651035986914
203,rubbish,58,58,0.0005633421663956015,10.119956379498364
203,rubbish,22,22,8.105160776916503e-05,3.8386041439476553
203,rubbish,50,60,0.0005023859985692047,8.724100327153762
203,rubbish,134,65,0.0014585940158459243,11.34133042529989
204,rubbish,174,63,0.001835718438771874,10.992366412213741
204,rubbish,174,75,0.00218537909377604,13.086150490730644
205,rubbish,65,60,0.0006531017981399661,10.468920392584515
205,rubbish,48,10,8.038175977107274e-05,1.7448200654307524
205,rubbish,53,27,0.00023963812131751064,4.711014176663031
205,rubbish,63,43,0.00045365455670799183,7.502726281352236
205,rubbish,48,48,0.0003858324469011492,8.375136314067612
205,rubbish,37,45,0.0002788242292059086,6.455834242093784
205,rubbish,113,45,0.0008515442675748019,7.851690294438386
205,rubbish,53,37,0.00032839298106473677,6.455834242093784
206,rubbish,164,96,0.002636521720491186,16.750272628135225
206,rubbish,50,116,0.0009712795972337958,8.724100327153762
206,rubbish,108,35,0.0006330063581971979,6.106870229007634
206,rubbish,81,70,0.0009495095372957968,12.213740458015268
206,rubbish,88,65,0.0009578826372719502,11.34133042529989
206,rubbish,113,392,0.00741789673087383,19.7164667393675
207,rubbish,55,43,0.00039604762887205633,7.502726281352236
207,rubbish,43,35,0.00025203030928221766,6.106870229007634
207,rubbish,75,43,0.000540064948461895,7.502726281352236
207,rubbish,45,25,0.00018839474946345176,4.362050163576881
207,rubbish,40,50,0.00033492399904613645,6.97928026172301
207,rubbish,48,58,0.00046621420667222193,8.375136314067612
207,rubbish,25,15,6.279824982115059e-05,2.6172300981461287
208,rubbish,27,25,0.00011303684967807105,4.362050163576881
208,rubbish,103,60,0.0010349151570525617,10.468920392584515
208,rubbish,134,50,0.001121995396804557,8.724100327153762
209,rubbish,22,25,9.210409973768752e-05,3.8386041439476553
209,rubbish,65,43,0.0004680562886669757,7.502726281352236
209,rubbish,53,43,0.00038164589691307247,7.502726281352236
209,rubbish,156,108,0.0028213997679646533,18.844056706652125
209,rubbish,151,98,0.0024781026689423636,17.099236641221374
209,rubbish,70,12,0.00014066807959937732,2.093784078516903
209,rubbish,118,108,0.0021341357219219815,18.844056706652125
209,rubbish,129,68,0.0014689766598163544,11.864776444929117
209,rubbish,248,326,0.01353896773744102,43.27153762268266
210,rubbish,53,22,0.00019526069144389755,3.8386041439476553
210,rubbish,43,37,0.0002664320412412015,6.455834242093784
210,rubbish,65,75,0.0008163772476749575,11.34133042529989
210,rubbish,22,73,0.00026894397123404756,3.8386041439476553
211,rubbish,75,83,0.0010424509470310997,13.086150490730644
211,rubbish,116,81,0.001573472947518749,14.133042529989094
211,rubbish,101,81,0.001370006618098221,14.133042529989094
211,rubbish,108,116,0.002097963930024999,18.844056706652125
212,rubbish,58,48,0.00046621420667222193,8.375136314067612
212,rubbish,50,37,0.00030980469911767624,6.455834242093784
212,rubbish,37,30,0.00018588281947060572,5.2344601962922575
212,rubbish,25,22,9.210409973768752e-05,3.8386041439476553
212,rubbish,35,22,0.00012894573963276253,3.8386041439476553
212,rubbish,25,20,8.373099976153411e-05,3.489640130861505
212,rubbish,20,40,0.00013396959961845458,3.489640130861505
212,rubbish,172,91,0.002621115216535064,15.877862595419847
212,rubbish,68,43,0.0004896588866054515,7.502726281352236
213,rubbish,43,131,0.0009433134433134433,7.502726281352236
214,rubbish,65,45,0.0004898263486049746,7.851690294438386
214,rubbish,32,32,0.00017148108751162186,5.583424209378408
214,rubbish,53,40,0.0003550194389889046,6.97928026172301
214,rubbish,108,53,0.0009585524852700426,9.247546346782988
214,rubbish,27,30,0.00013564421961368526,4.711014176663031
214,rubbish,70,75,0.0008791754974961082,12.213740458015268
214,rubbish,75,78,0.0009796526972099492,13.086150490730644
214,rubbish,93,73,0.0011368995147621101,12.737186477644492
214,rubbish,75,70,0.0008791754974961082,12.213740458015268
214,rubbish,60,35,0.00035167019899844327,6.106870229007634
215,rubbish,48,73,0.0005867868463288311,8.375136314067612
215,rubbish,43,63,0.00045365455670799183,7.502726281352236
215,rubbish,106,111,0.001970357886388421,18.495092693565976
215,rubbish,70,103,0.0012074010165613218,12.213740458015268
216,rubbish,32,55,0.0002947331191606001,5.583424209378408
216,rubbish,146,73,0.0017848099909168612,12.737186477644492
216,rubbish,63,17,0.00017935180148920607,2.966194111232279
216,rubbish,55,60,0.0005526245984261251,9.59651035986914
216,rubbish,111,15,0.0002788242292059086,2.6172300981461287
216,rubbish,55,55,0.0005065725485572814,9.59651035986914
217,rubbish,111,63,0.001171061762664816,10.992366412213741
217,rubbish,103,75,0.001293643946315702,13.086150490730644
218,rubbish,37,30,0.00018588281947060572,5.2344601962922575
218,rubbish,35,48,0.00028133615919875463,6.106870229007634
218,rubbish,177,192,0.00569102859179195,30.88331515812432
219,rubbish,70,58,0.000679895718063657,10.119956379498364
219,rubbish,35,17,9.963988971622559e-05,2.966194111232279
219,rubbish,27,20,9.042947974245684e-05,3.489640130861505
219,rubbish,32,10,5.358783984738183e-05,1.7448200654307524
219,rubbish,37,65,0.0004027461088529791,6.455834242093784
219,rubbish,121,63,0.0012765628223643491,10.992366412213741
220,rubbish,78,172,0.0022466701856014835,13.60959651035987
220,rubbish,101,139,0.002350999011304355,17.6226826608506
220,rubbish,37,22,0.00013631406761177754,3.8386041439476553
220,rubbish,60,43,0.000432051958769516,7.502726281352236
220,rubbish,40,50,0.00033492399904613645,6.97928026172301
220,rubbish,53,68,0.0006035330462811378,9.247546346782988
220,rubbish,60,43,0.000432051958769516,7.502726281352236
220,rubbish,50,53,0.0004437742987361308,8.724100327153762
220,rubbish,27,15,6.782210980684263e-05,2.6172300981461287
220,rubbish,32,22,0.00011789324766424003,3.8386041439476553
220,rubbish,35,15,8.791754974961082e-05,2.6172300981461287
220,rubbish,32,32,0.00017148108751162186,5.583424209378408
220,rubbish,43,37,0.0002664320412412015,6.455834242093784
220,rubbish,43,75,0.000540064948461895,7.502726281352236
220,rubbish,63,53,0.0005591556164075248,9.247546346782988
220,rubbish,116,121,0.0023504966253057855,20.239912758996727
220,rubbish,25,32,0.00013396959961845458,4.362050163576881
221,rubbish,103,86,0.0014833783917753383,15.005452562704471
221,rubbish,70,73,0.0008557308175628786,12.213740458015268
221,rubbish,144,65,0.0015674443155359187,11.34133042529989
221,rubbish,75,40,0.0005023859985692047,6.97928026172301
221,rubbish,83,60,0.0008339607576248797,10.468920392584515
222,rubbish,37,30,0.00018588281947060572,5.2344601962922575
222,rubbish,40,27,0.0001808589594849137,4.711014176663031
222,rubbish,136,63,0.0014348144119136486,10.992366412213741
223,rubbish,81,60,0.0008138653176821116,10.468920392584515
223,rubbish,43,27,0.0001944233814462822,4.711014176663031
223,rubbish,220,129,0.004752571546464676,22.508178844056708
223,rubbish,101,113,0.0019112438005567777,17.6226826608506
224,rubbish,116,70,0.001359791436127314,12.213740458015268
224,rubbish,55,25,0.0002302602493442188,4.362050163576881
224,rubbish,53,106,0.0009408015133205973,9.247546346782988
224,rubbish,70,58,0.000679895718063657,10.119956379498364
224,rubbish,37,70,0.0004337265787647467,6.455834242093784
224,rubbish,32,75,0.0004019087988553637,5.583424209378408
224,rubbish,58,296,0.0028749876078120354,10.119956379498364
225,rubbish,129,70,0.0015121818556933062,12.213740458015268
226,rubbish,93,63,0.0009811598552056568,10.992366412213741
226,rubbish,91,88,0.0013410356921807305,15.354416575790621
227,rubbish,187,134,0.004196262784049044,23.380588876772084
227,rubbish,75,129,0.001620194845385685,13.086150490730644
227,rubbish,103,37,0.000638197680182413,6.455834242093784
228,rubbish,63,58,0.0006119061462572913,10.119956379498364
228,rubbish,55,17,0.0001565769695540688,2.966194111232279
228,rubbish,45,22,0.00016578737952783755,3.8386041439476553
228,rubbish,37,17,0.00010533359770000992,2.966194111232279
228,rubbish,98,50,0.0008205637976630343,8.724100327153762
228,rubbish,35,37,0.00021686328938237334,6.106870229007634
228,rubbish,43,50,0.0003600432989745967,7.502726281352236
228,rubbish,116,63,0.0012238122925145826,10.992366412213741
228,rubbish,37,35,0.00021686328938237334,6.106870229007634
228,rubbish,27,22,9.947242771670252e-05,3.8386041439476553
229,rubbish,25,32,0.00013396959961845458,4.362050163576881
229,rubbish,50,10,8.373099976153411e-05,1.7448200654307524
229,rubbish,32,17,9.109932774054911e-05,2.966194111232279
229,rubbish,20,10,3.3492399904613646e-05,1.7448200654307524
229,rubbish,20,30,0.00010047719971384093,3.489640130861505
229,rubbish,25,12,5.0238599856920466e-05,2.093784078516903
229,rubbish,27,15,6.782210980684263e-05,2.6172300981461287
229,rubbish,30,22,0.00011052491968522503,3.8386041439476553
229,rubbish,30,27,0.00013564421961368526,4.711014176663031
229,rubbish,17,27,7.686505778108832e-05,2.966194111232279
229,rubbish,22,17,6.263078782162752e-05,2.966194111232279
229,rubbish,22,10,3.684163989507501e-05,1.7448200654307524
229,rubbish,25,17,7.1171349797304e-05,2.966194111232279
229,rubbish,22,12,4.4209967874090014e-05,2.093784078516903
230,rubbish,37,15,9.294140973530286e-05,2.6172300981461287
230,rubbish,43,58,0.00041765022681053215,7.502726281352236
230,rubbish,17,50,0.000142342699594608,2.966194111232279
230,rubbish,55,25,0.0002302602493442188,4.362050163576881
230,rubbish,25,65,0.0002721257492249859,4.362050163576881
230,rubbish,45,37,0.0002788242292059086,6.455834242093784
230,rubbish,70,45,0.0005275052984976649,7.851690294438386
230,rubbish,35,37,0.00021686328938237334,6.106870229007634
230,rubbish,22,30,0.00011052491968522503,3.8386041439476553
230,rubbish,32,15,8.038175977107274e-05,2.6172300981461287
230,rubbish,35,15,8.791754974961082e-05,2.6172300981461287
230,rubbish,70,27,0.00031650317909859895,4.711014176663031
230,rubbish,40,22,0.00014736655958030005,3.8386041439476553
230,rubbish,126,151,0.003186132002925896,21.984732824427482
231,rubbish,25,17,7.1171349797304e-05,2.966194111232279
231,rubbish,17,12,3.416224790270592e-05,2.093784078516903
231,rubbish,83,53,0.0007366653359019771,9.247546346782988
231,rubbish,43,70,0.0005040606185644353,7.502726281352236
231,rubbish,98,106,0.0017395952510456327,17.099236641221374
231,rubbish,86,58,0.0008353004536210643,10.119956379498364
232,rubbish,68,73,0.0008312813656325107,11.864776444929117
232,rubbish,78,73,0.0009535286252843505,12.737186477644492
232,rubbish,174,65,0.0018939952146059017,11.34133042529989
232,rubbish,129,83,0.0017930156288934916,14.482006543075245
232,rubbish,55,40,0.0003684163989507501,6.97928026172301
232,rubbish,53,30,0.0002662645792416785,5.2344601962922575
232,rubbish,45,30,0.0002260736993561421,5.2344601962922575
232,rubbish,50,35,0.00029305849916536937,6.106870229007634
233,rubbish,55,35,0.00032236434908190634,6.106870229007634
233,rubbish,106,75,0.0013313228962083925,13.086150490730644
233,rubbish,70,53,0.0006212840182305831,9.247546346782988
233,rubbish,27,88,0.0003978897108668101,4.711014176663031
233,rubbish,25,43,0.00018002164948729835,4.362050163576881
234,rubbish,43,63,0.00045365455670799183,7.502726281352236
234,rubbish,60,83,0.0008339607576248797,10.468920392584515
234,rubbish,37,20,0.0001239218796470705,3.489640130861505
234,rubbish,83,45,0.0006254705682186598,7.851690294438386
234,rubbish,55,37,0.00034078516902944384,6.455834242093784
235,rubbish,43,65,0.0004680562886669757,7.502726281352236
235,rubbish,108,35,0.0006330063581971979,6.106870229007634
236,rubbish,43,222,0.0015985922474472092,7.502726281352236
236,rubbish,96,53,0.0008520466535733712,9.247546346782988
236,rubbish,75,45,0.0005651842483903553,7.851690294438386
236,rubbish,27,103,0.00046571182067365273,4.711014176663031
236,rubbish,65,43,0.0004680562886669757,7.502726281352236
236,rubbish,17,15,4.27028098783824e-05,2.6172300981461287
236,rubbish,58,43,0.00041765022681053215,7.502726281352236
236,rubbish,60,45,0.0004521473987122842,7.851690294438386
236,rubbish,22,75,0.00027631229921306255,3.8386041439476553
236,rubbish,30,93,0.0004672189786693603,5.2344601962922575
236,rubbish,48,81,0.0006510922541456892,8.375136314067612
237,rubbish,101,111,0.0018774164766531178,17.6226826608506
237,rubbish,129,93,0.0020090416082782494,16.226826608506
237,rubbish,101,48,0.0008118557736878347,8.375136314067612
237,rubbish,86,68,0.000979317773210903,11.864776444929117
238,rubbish,48,43,0.00034564156701561284,7.502726281352236
238,rubbish,35,40,0.00023444679933229553,6.106870229007634
238,rubbish,75,78,0.0009796526972099492,13.086150490730644
238,rubbish,78,45,0.0005877916183259695,7.851690294438386
238,rubbish,75,50,0.0006279824982115058,8.724100327153762
238,rubbish,55,22,0.00020262901942291257,3.8386041439476553
238,rubbish,45,53,0.00039939686886251774,7.851690294438386
238,rubbish,12,37,7.435312778824229e-05,2.093784078516903
238,rubbish,86,32,0.00046085542268748373,5.583424209378408
238,rubbish,70,53,0.0006212840182305831,9.247546346782988
239,rubbish,48,118,0.0009485047652986584,8.375136314067612
239,rubbish,70,40,0.00046889359866459106,6.97928026172301
239,rubbish,12,15,3.014315991415228e-05,2.093784078516903
239,rubbish,86,121,0.001742609567037048,15.005452562704471
239,rubbish,124,86,0.0017858147629139995,15.005452562704471
239,rubbish,96,68,0.0010931919328865895,11.864776444929117
239,rubbish,156,86,0.0022466701856014835,15.005452562704471
239,rubbish,20,15,5.0238599856920466e-05,2.6172300981461287
239,rubbish,50,45,0.0003767894989269035,7.851690294438386
239,rubbish,78,78,0.0010188388050983471,13.60959651035987
239,rubbish,53,141,0.001251443522435889,9.247546346782988
239,rubbish,75,50,0.0006279824982115058,8.724100327153762
240,rubbish,75,86,0.00108012989692379,13.086150490730644
240,rubbish,73,48,0.0005867868463288311,8.375136314067612
240,rubbish,58,75,0.0007284596979253467,10.119956379498364
240,rubbish,75,53,0.0006656614481041962,9.247546346782988
240,rubbish,68,113,0.0012867780043352563,11.864776444929117
240,rubbish,27,27,0.00012207979765231674,4.711014176663031
241,rubbish,192,151,0.004855058290172794,26.346782988004364
241,rubbish,73,63,0.0007701577358065907,10.992366412213741
241,rubbish,86,101,0.0014545749278573705,15.005452562704471
241,rubbish,65,63,0.0006857568880469643,10.992366412213741
241,rubbish,68,50,0.000569370798378432,8.724100327153762
241,rubbish,30,53,0.0002662645792416785,5.2344601962922575
241,rubbish,63,55,0.0005802558283474315,9.59651035986914
241,rubbish,88,60,0.0008841993574818002,10.468920392584515
242,rubbish,58,48,0.00046621420667222193,8.375136314067612
242,rubbish,25,30,0.00012559649964230117,4.362050163576881
242,rubbish,45,37,0.0002788242292059086,6.455834242093784
242,rubbish,43,22,0.00015841905154882253,3.8386041439476553
242,rubbish,50,20,0.00016746199952306822,3.489640130861505
242,rubbish,189,159,0.005032400547667723,27.742639040348966
242,rubbish,48,58,0.00046621420667222193,8.375136314067612
242,rubbish,17,60,0.0001708112395135296,2.966194111232279
242,rubbish,45,20,0.0001507157995707614,3.489640130861505
242,rubbish,40,32,0.00021435135938952733,5.583424209378408
242,rubbish,12,17,3.416224790270592e-05,2.093784078516903
242,rubbish,27,12,5.425768784547411e-05,2.093784078516903
242,rubbish,15,30,7.53578997853807e-05,2.6172300981461287
242,rubbish,22,15,5.5262459842612515e-05,2.6172300981461287
242,rubbish,25,7,2.930584991653694e-05,1.2213740458015268
242,rubbish,20,43,0.00014401731958983867,3.489640130861505
243,rubbish,20,17,5.69370798378432e-05,2.966194111232279
243,rubbish,53,53,0.00047040075666029865,9.247546346782988
243,rubbish,141,179,0.004226573405962719,24.60196292257361
244,rubbish,48,63,0.0005064050865577583,8.375136314067612
244,rubbish,83,73,0.0010146522551102704,12.737186477644492
244,rubbish,70,98,0.0011487893167282481,12.213740458015268
244,rubbish,126,144,0.00303843051934655,21.984732824427482
245,rubbish,86,35,0.0005040606185644353,6.106870229007634
245,rubbish,43,25,0.00018002164948729835,4.362050163576881
245,rubbish,15,37,9.294140973530286e-05,2.6172300981461287
245,rubbish,43,15,0.000108012989692379,2.6172300981461287
245,rubbish,103,35,0.0006037005082806609,6.106870229007634
245,rubbish,12,35,7.033403979968866e-05,2.093784078516903
245,rubbish,35,17,9.963988971622559e-05,2.966194111232279
245,rubbish,37,12,7.435312778824229e-05,2.093784078516903
245,rubbish,91,10,0.00015239041956599208,1.7448200654307524
245,rubbish,60,35,0.00035167019899844327,6.106870229007634
245,rubbish,20,12,4.019087988553637e-05,2.093784078516903
245,rubbish,15,25,6.279824982115059e-05,2.6172300981461287
245,rubbish,22,7,2.5789147926552507e-05,1.2213740458015268
245,rubbish,15,15,3.767894989269035e-05,2.6172300981461287
245,rubbish,37,17,0.00010533359770000992,2.966194111232279
245,rubbish,5,10,8.373099976153411e-06,0.8724100327153762
245,rubbish,40,30,0.00020095439942768186,5.2344601962922575
245,rubbish,43,17,0.00012241472165136288,2.966194111232279
245,rubbish,40,17,0.0001138741596756864,2.966194111232279
245,rubbish,22,12,4.4209967874090014e-05,2.093784078516903
245,rubbish,22,10,3.684163989507501e-05,1.7448200654307524
245,rubbish,48,22,0.00017683987149636005,3.8386041439476553
245,rubbish,45,17,0.0001281084296351472,2.966194111232279
246,rubbish,91,43,0.000655278804133766,7.502726281352236
246,rubbish,136,98,0.0022319335296434534,17.099236641221374
246,rubbish,43,37,0.0002664320412412015,6.455834242093784
246,rubbish,63,60,0.0006330063581971979,10.468920392584515
247,rubbish,422,189,0.013356434157960876,32.97709923664122
247,rubbish,106,101,0.0017928481668939684,17.6226826608506
247,rubbish,156,121,0.003161012702997436,21.112322791712106
247,rubbish,70,50,0.0005861169983307387,8.724100327153762
247,rubbish,43,50,0.0003600432989745967,7.502726281352236
247,rubbish,50,53,0.0004437742987361308,8.724100327153762
247,rubbish,35,55,0.00032236434908190634,6.106870229007634
247,rubbish,45,81,0.0006103989882615836,7.851690294438386
247,rubbish,40,70,0.00046889359866459106,6.97928026172301
248,rubbish,192,144,0.0046299893628137904,25.125408942202835
248,rubbish,58,53,0.0005147781865339117,9.247546346782988
248,rubbish,78,116,0.0015151961716847212,13.60959651035987
249,rubbish,37,30,0.00018588281947060572,5.2344601962922575
249,rubbish,53,12,0.0001065058316966714,2.093784078516903
249,rubbish,50,45,0.0003767894989269035,7.851690294438386
249,rubbish,10,17,2.84685399189216e-05,1.7448200654307524
249,rubbish,37,68,0.00042133439080003967,6.455834242093784
250,rubbish,58,55,0.0005342037784785876,9.59651035986914
250,rubbish,50,43,0.0003600432989745967,7.502726281352236
250,rubbish,25,53,0.0002218871493680654,4.362050163576881
250,rubbish,65,27,0.00029389580916298474,4.711014176663031
250,rubbish,32,15,8.038175977107274e-05,2.6172300981461287
250,rubbish,35,20,0.00011722339966614776,3.489640130861505
250,rubbish,22,35,0.00012894573963276253,3.8386041439476553
250,rubbish,37,48,0.00029741251115296917,6.455834242093784
250,rubbish,45,25,0.00018839474946345176,4.362050163576881
250,rubbish,70,30,0.00035167019899844327,5.2344601962922575
250,rubbish,22,35,0.00012894573963276253,3.8386041439476553
250,rubbish,73,58,0.0007090341059806708,10.119956379498364
251,rubbish,17,22,6.263078782162752e-05,2.966194111232279
251,rubbish,17,12,3.416224790270592e-05,2.093784078516903
251,rubbish,65,45,0.0004898263486049746,7.851690294438386
251,rubbish,73,37,0.00045231486071180727,6.455834242093784
251,rubbish,78,75,0.0009796526972099492,13.086150490730644
251,rubbish,91,118,0.0017982069508787066,15.877862595419847
251,rubbish,103,101,0.0017421071810384788,17.6226826608506
251,rubbish,58,65,0.0006313317382019672,10.119956379498364
251,rubbish,83,86,0.0011953437525956609,14.482006543075245
252,rubbish,124,91,0.0018896412026183018,15.877862595419847
252,rubbish,32,30,0.0001607635195421455,5.2344601962922575
252,rubbish,98,55,0.0009026201774293377,9.59651035986914
252,rubbish,113,88,0.0016652421232573903,15.354416575790621
252,rubbish,149,70,0.0017466286550256015,12.213740458015268
252,rubbish,103,78,0.0013453897041683302,13.60959651035987
252,rubbish,22,17,6.263078782162752e-05,2.966194111232279
252,rubbish,43,60,0.000432051958769516,7.502726281352236
252,rubbish,86,70,0.0010081212371288706,12.213740458015268
252,rubbish,98,60,0.0009846765571956413,10.468920392584515
252,rubbish,106,60,0.001065058316966714,10.468920392584515
252,rubbish,121,121,0.002451811135017242,21.112322791712106
252,rubbish,93,68,0.0010590296849838834,11.864776444929117
253,rubbish,187,68,0.0021294467859353356,11.864776444929117
253,rubbish,164,141,0.0038723912769714295,24.60196292257361
253,rubbish,98,78,0.0012800795243543335,13.60959651035987
254,rubbish,75,53,0.0006656614481041962,9.247546346782988
254,rubbish,93,96,0.0014951007317419531,16.226826608506
254,rubbish,136,103,0.0023458076893191396,17.97164667393675
255,rubbish,37,43,0.0002664320412412015,6.455834242093784
255,rubbish,60,65,0.0006531017981399661,10.468920392584515
255,rubbish,25,27,0.00011303684967807105,4.362050163576881
255,rubbish,35,20,0.00011722339966614776,3.489640130861505
255,rubbish,50,25,0.00020932749940383527,4.362050163576881
256,rubbish,144,93,0.0022426510976129295,16.226826608506
256,rubbish,45,106,0.0007987937377250355,7.851690294438386
256,rubbish,37,68,0.00042133439080003967,6.455834242093784
256,rubbish,43,63,0.00045365455670799183,7.502726281352236
256,rubbish,101,38,0.0006427191541695359,6.630316248636859
256,rubbish,70,377,0.00441932216741377,12.213740458015268
257,rubbish,63,60,0.0006330063581971979,10.468920392584515
257,rubbish,27,45,0.0002034663294205279,4.711014176663031
257,rubbish,81,68,0.0009223806933730598,11.864776444929117
257,rubbish,75,30,0.0003767894989269035,5.2344601962922575
257,rubbish,27,81,0.0003662393929569502,4.711014176663031
257,rubbish,73,32,0.0003911912308858874,5.583424209378408
257,rubbish,32,40,0.00021435135938952733,5.583424209378408
257,rubbish,48,53,0.0004260233267866856,8.375136314067612
257,rubbish,45,20,0.0001507157995707614,3.489640130861505
257,rubbish,43,17,0.00012241472165136288,2.966194111232279
257,rubbish,40,30,0.00020095439942768186,5.2344601962922575
258,rubbish,141,91,0.0021487049158804886,15.877862595419847
258,rubbish,81,43,0.0005832701443388466,7.502726281352236
258,rubbish,101,48,0.0008118557736878347,8.375136314067612
258,rubbish,88,63,0.0009284093253558903,10.992366412213741
258,rubbish,53,48,0.0004260233267866856,8.375136314067612
258,rubbish,63,86,0.0009073091134159837,10.992366412213741
258,rubbish,15,15,3.767894989269035e-05,2.6172300981461287
258,rubbish,45,25,0.00018839474946345176,4.362050163576881
258,rubbish,55,48,0.0004420996787409001,8.375136314067612
258,rubbish,48,53,0.0004260233267866856,8.375136314067612
258,rubbish,91,45,0.0006857568880469643,7.851690294438386
259,rubbish,50,58,0.0004856397986168979,8.724100327153762
260,rubbish,116,101,0.0019619847864122673,17.6226826608506
260,rubbish,146,70,0.0017114616351257572,12.213740458015268
260,rubbish,126,118,0.0024898250089089784,20.58887677208288
261,rubbish,30,30,0.0001507157995707614,5.2344601962922575
261,rubbish,131,43,0.0009433134433134433,7.502726281352236
262,rubbish,50,43,0.0003600432989745967,7.502726281352236
262,rubbish,179,189,0.005665406905864921,31.232279171210468
263,rubbish,78,50,0.0006531017981399661,8.724100327153762
263,rubbish,27,45,0.0002034663294205279,4.711014176663031
263,rubbish,27,45,0.0002034663294205279,4.711014176663031
263,rubbish,40,35,0.00023444679933229553,6.106870229007634
263,rubbish,35,37,0.00021686328938237334,6.106870229007634
263,rubbish,78,81,0.001058024912986745,13.60959651035987
263,rubbish,86,55,0.0007920952577441127,9.59651035986914
264,rubbish,48,65,0.0005224814385119728,8.375136314067612
264,rubbish,70,60,0.0007033403979968865,10.468920392584515
265,rubbish,96,113,0.0018166277708262441,16.750272628135225
265,rubbish,126,60,0.0012660127163943958,10.468920392584515
265,rubbish,70,55,0.0006447286981638127,9.59651035986914
265,rubbish,70,55,0.0006447286981638127,9.59651035986914
265,rubbish,118,91,0.0017982069508787066,15.877862595419847
265,rubbish,131,93,0.00204018954018954,16.226826608506
265,rubbish,131,93,0.00204018954018954,16.226826608506
265,rubbish,232,336,0.013053997786822214,40.479825517993454
266,rubbish,159,129,0.0034348130722176525,22.508178844056708
266,rubbish,124,50,0.001038264397043023,8.724100327153762
266,rubbish,108,48,0.0008681230055275857,8.375136314067612
266,rubbish,48,43,0.00034564156701561284,7.502726281352236
266,rubbish,22,17,6.263078782162752e-05,2.966194111232279
267,rubbish,103,75,0.001293643946315702,13.086150490730644
267,rubbish,78,73,0.0009535286252843505,12.737186477644492
267,rubbish,70,106,0.0012425680364611662,12.213740458015268
267,rubbish,60,63,0.0006330063581971979,10.468920392584515
268,rubbish,40,43,0.00028803463917967734,6.97928026172301
268,rubbish,35,50,0.00029305849916536937,6.106870229007634
268,rubbish,75,50,0.0006279824982115058,8.724100327153762
268,rubbish,40,32,0.00021435135938952733,5.583424209378408
268,rubbish,63,73,0.0007701577358065907,10.992366412213741
268,rubbish,22,30,0.00011052491968522503,3.8386041439476553
268,rubbish,58,40,0.00038851183889351826,6.97928026172301
268,rubbish,53,35,0.00031064200911529155,6.106870229007634
268,rubbish,60,48,0.00048229055862643647,8.375136314067612
268,rubbish,65,60,0.0006531017981399661,10.468920392584515
269,rubbish,75,101,0.0012685246463872417,13.086150490730644
269,rubbish,58,118,0.001146109924735879,10.119956379498364
269,rubbish,103,37,0.000638197680182413,6.455834242093784
269,rubbish,83,55,0.0007644640278228064,9.59651035986914
269,rubbish,30,30,0.0001507157995707614,5.2344601962922575
269,rubbish,50,63,0.0005275052984976649,8.724100327153762
269,rubbish,37,70,0.0004337265787647467,6.455834242093784
269,rubbish,53,15,0.00013313228962083925,2.6172300981461287
269,rubbish,50,12,0.00010047719971384093,2.093784078516903
270,rubbish,27,43,0.0001944233814462822,4.711014176663031
270,rubbish,86,30,0.000432051958769516,5.2344601962922575
270,rubbish,27,124,0.0005606627744032324,4.711014176663031
270,rubbish,50,35,0.00029305849916536937,6.106870229007634
270,rubbish,48,22,0.00017683987149636005,3.8386041439476553
270,rubbish,50,55,0.0004605204986884376,8.724100327153762
270,rubbish,45,27,0.0002034663294205279,4.711014176663031
270,rubbish,93,70,0.0010901776168951742,12.213740458015268
270,rubbish,25,48,0.00020095439942768186,4.362050163576881
270,rubbish,73,28,0.00034229232702515143,4.885496183206107
270,rubbish,25,93,0.0003893491488911336,4.362050163576881
271,rubbish,65,30,0.00032655089906998306,5.2344601962922575
271,rubbish,149,43,0.0010729290309442981,7.502726281352236
271,rubbish,58,73,0.0007090341059806708,10.119956379498364
271,rubbish,83,17,0.00023628888132704926,2.966194111232279
271,rubbish,53,70,0.0006212840182305831,9.247546346782988
271,rubbish,20,30,0.00010047719971384093,3.489640130861505
271,rubbish,25,58,0.00024281989930844894,4.362050163576881
271,rubbish,45,20,0.0001507157995707614,3.489640130861505
271,rubbish,88,30,0.0004420996787409001,5.2344601962922575
271,rubbish,20,25,8.373099976153411e-05,3.489640130861505
271,rubbish,60,65,0.0006531017981399661,10.468920392584515
272,rubbish,149,116,0.0028944131997567114,20.239912758996727
272,rubbish,86,60,0.000864103917539032,10.468920392584515
272,rubbish,37,70,0.0004337265787647467,6.455834242093784
272,rubbish,40,55,0.0003684163989507501,6.97928026172301
272,rubbish,139,93,0.002164781267834703,16.226826608506
273,rubbish,144,108,0.002604369016582757,18.844056706652125
273,rubbish,103,35,0.0006037005082806609,6.106870229007634
273,rubbish,58,103,0.0010004179851508096,10.119956379498364
274,rubbish,146,65,0.0015892143754739174,11.34133042529989
274,rubbish,22,30,0.00011052491968522503,3.8386041439476553
274,rubbish,68,81,0.0009223806933730598,11.864776444929117
274,rubbish,73,91,0.0011124500628317423,12.737186477644492
274,rubbish,124,111,0.002304946961435511,19.36750272628135
275,rubbish,131,68,0.0014917514917514917,11.864776444929117
275,rubbish,88,154,0.0022694450175366207,15.354416575790621
275,rubbish,164,58,0.001592898539463425,10.119956379498364
276,rubbish,27,30,0.00013564421961368526,4.711014176663031
276,rubbish,81,65,0.0008816874274889542,11.34133042529989
276,rubbish,75,101,0.0012685246463872417,13.086150490730644
276,rubbish,68,50,0.000569370798378432,8.724100327153762
276,rubbish,58,37,0.0003593734509765044,6.455834242093784
276,rubbish,75,50,0.0006279824982115058,8.724100327153762
276,rubbish,50,35,0.00029305849916536937,6.106870229007634
276,rubbish,43,32,0.00023042771134374187,5.583424209378408
276,rubbish,81,63,0.0008545585835662171,10.992366412213741
276,rubbish,60,45,0.0004521473987122842,7.851690294438386
276,rubbish,53,118,0.0010473073450172686,9.247546346782988
276,rubbish,58,35,0.0003399478590318285,6.106870229007634
277,rubbish,48,32,0.00025722163126743277,5.583424209378408
277,rubbish,50,43,0.0003600432989745967,7.502726281352236
277,rubbish,37,48,0.00029741251115296917,6.455834242093784
277,rubbish,81,81,0.0010987181788708507,14.133042529989094
277,rubbish,40,35,0.00023444679933229553,6.106870229007634
277,rubbish,63,32,0.0003376033910385055,5.583424209378408
277,rubbish,53,53,0.00047040075666029865,9.247546346782988
277,rubbish,45,65,0.0004898263486049746,7.851690294438386
278,rubbish,50,53,0.0004437742987361308,8.724100327153762
278,rubbish,53,30,0.0002662645792416785,5.2344601962922575
278,rubbish,55,35,0.00032236434908190634,6.106870229007634
278,rubbish,45,63,0.0004747547686478984,7.851690294438386
278,rubbish,86,73,0.0010513264330058224,12.737186477644492
278,rubbish,50,78,0.0006531017981399661,8.724100327153762
278,rubbish,40,37,0.000247843759294141,6.455834242093784
278,rubbish,98,101,0.0016575388712793294,17.099236641221374
279,rubbish,22,50,0.00018420819947537504,3.8386041439476553
279,rubbish,53,32,0.0002840155511911237,5.583424209378408
279,rubbish,37,15,9.294140973530286e-05,2.6172300981461287
279,rubbish,35,22,0.00012894573963276253,3.8386041439476553
279,rubbish,48,40,0.000321527039084291,6.97928026172301
279,rubbish,63,43,0.00045365455670799183,7.502726281352236
279,rubbish,55,58,0.0005342037784785876,9.59651035986914
279,rubbish,70,70,0.0008205637976630343,12.213740458015268
280,rubbish,60,45,0.0004521473987122842,7.851690294438386
280,rubbish,60,35,0.00035167019899844327,6.106870229007634
280,rubbish,48,35,0.00028133615919875463,6.106870229007634
280,rubbish,73,60,0.0007334835579110388,10.468920392584515
280,rubbish,40,106,0.0007100388779778092,6.97928026172301
280,rubbish,116,88,0.0017094520911314804,15.354416575790621
280,rubbish,86,103,0.0014833783917753383,15.005452562704471
281,rubbish,116,111,0.0021562407058590264,19.36750272628135
281,rubbish,103,134,0.0023113105174173876,17.97164667393675
281,rubbish,159,88,0.0023431282973267707,15.354416575790621
282,rubbish,50,27,0.0002260736993561421,4.711014176663031
282,rubbish,136,68,0.001548688571589335,11.864776444929117
282,rubbish,53,58,0.0005147781865339117,9.247546346782988
282,rubbish,164,124,0.0034055072223011153,21.63576881134133
282,rubbish,108,53,0.0009585524852700426,9.247546346782988
283,rubbish,48,169,0.0013584517401311294,8.375136314067612
283,rubbish,113,50,0.0009461602973053354,8.724100327153762
283,rubbish,58,86,0.0008353004536210643,10.119956379498364
283,rubbish,70,32,0.00037511487893167285,5.583424209378408
283,rubbish,250,205,0.008582427475557246,35.76881134133043
283,rubbish,50,73,0.000611236298259199,8.724100327153762
283,rubbish,70,20,0.00023444679933229553,3.489640130861505
283,rubbish,53,20,0.0001775097194944523,3.489640130861505
283,rubbish,37,15,9.294140973530286e-05,2.6172300981461287
283,rubbish,37,50,0.00030980469911767624,6.455834242093784
283,rubbish,27,30,0.00013564421961368526,4.711014176663031
283,rubbish,58,32,0.00031080947111481464,5.583424209378408
283,rubbish,73,35,0.0004278654087814393,6.106870229007634
284,rubbish,103,96,0.0016558642512840985,16.750272628135225
284,rubbish,53,78,0.0006922879060283641,9.247546346782988
284,rubbish,86,48,0.0006912831340312257,8.375136314067612
284,rubbish,37,53,0.00032839298106473677,6.455834242093784
284,rubbish,48,70,0.0005626723183975093,8.375136314067612
284,rubbish,113,83,0.001570626093526857,14.482006543075245
285,rubbish,50,83,0.0006949672980207331,8.724100327153762
285,rubbish,12,12,2.4114527931321824e-05,2.093784078516903
285,rubbish,17,10,2.84685399189216e-05,1.7448200654307524
285,rubbish,116,141,0.002739008464199304,20.239912758996727
285,rubbish,50,25,0.00020932749940383527,4.362050163576881
285,rubbish,43,139,0.0010009203711493788,7.502726281352236
285,rubbish,103,81,0.0013971354620209583,14.133042529989094
285,rubbish,63,68,0.0007174072059568243,10.992366412213741
285,rubbish,70,68,0.0007971191177298047,11.864776444929117
285,rubbish,48,86,0.0006912831340312257,8.375136314067612
286,rubbish,50,58,0.0004856397986168979,8.724100327153762
286,rubbish,30,35,0.00017583509949922163,5.2344601962922575
286,rubbish,53,60,0.000532529158483357,9.247546346782988
287,rubbish,40,35,0.00023444679933229553,6.106870229007634
287,rubbish,111,136,0.002528006344800238,19.36750272628135
287,rubbish,88,96,0.0014147189719708804,15.354416575790621
287,rubbish,154,55,0.0014184031359603879,9.59651035986914
288,rubbish,141,144,0.003400148438316377,24.60196292257361
288,rubbish,124,144,0.0029902014634839063,21.63576881134133
288,rubbish,96,32,0.0005144432625348655,5.583424209378408
288,rubbish,37,25,0.00015490234955883812,4.362050163576881
288,rubbish,98,43,0.0007056848659902095,7.502726281352236
288,rubbish,53,53,0.00047040075666029865,9.247546346782988
288,rubbish,43,25,0.00018002164948729835,4.362050163576881
288,rubbish,27,15,6.782210980684263e-05,2.6172300981461287
288,rubbish,30,20,0.00010047719971384093,3.489640130861505
288,rubbish,50,25,0.00020932749940383527,4.362050163576881
288,rubbish,63,58,0.0006119061462572913,10.119956379498364
289,rubbish,37,20,0.0001239218796470705,3.489640130861505
289,rubbish,96,53,0.0008520466535733712,9.247546346782988
289,rubbish,88,53,0.0007810427657755902,9.247546346782988
289,rubbish,15,17,4.27028098783824e-05,2.6172300981461287
289,rubbish,15,17,4.27028098783824e-05,2.6172300981461287
289,rubbish,45,32,0.00024114527931321823,5.583424209378408
289,rubbish,96,60,0.0009645811172528729,10.468920392584515
290,rubbish,35,30,0.00017583509949922163,5.2344601962922575
290,rubbish,73,81,0.0009902028031799025,12.737186477644492
290,rubbish,174,116,0.003380052998373609,20.239912758996727
290,rubbish,96,111,0.001784475066917815,16.750272628135225
291,rubbish,43,45,0.000324038969077137,7.502726281352236
291,rubbish,15,15,3.767894989269035e-05,2.6172300981461287
291,rubbish,86,50,0.0007200865979491934,8.724100327153762
291,rubbish,93,70,0.0010901776168951742,12.213740458015268
291,rubbish,65,45,0.0004898263486049746,7.851690294438386
291,rubbish,22,32,0.00011789324766424003,3.8386041439476553
291,rubbish,118,96,0.0018970095305973168,16.750272628135225
291,rubbish,113,70,0.0013246244162274697,12.213740458015268
291,rubbish,98,75,0.0012308456964945514,13.086150490730644
292,rubbish,205,134,0.004600181126898684,23.380588876772084
292,rubbish,58,60,0.0005827677583402774,10.119956379498364
292,rubbish,65,93,0.0010123077871169474,11.34133042529989
293,rubbish,78,108,0.0014106998839823266,13.60959651035987
293,rubbish,113,50,0.0009461602973053354,8.724100327153762
293,rubbish,121,169,0.003424430428247222,21.112322791712106
293,rubbish,124,35,0.0007267850779301161,6.106870229007634
293,rubbish,129,58,0.0012529506804315966,10.119956379498364
294,rubbish,43,65,0.0004680562886669757,7.502726281352236
294,rubbish,27,48,0.00021703075138189643,4.711014176663031
294,rubbish,70,78,0.0009143425173959525,12.213740458015268
294,rubbish,65,58,0.0006313317382019672,10.119956379498364
294,rubbish,81,86,0.0011665402886776933,14.133042529989094
294,rubbish,53,43,0.00038164589691307247,7.502726281352236
294,rubbish,58,50,0.0004856397986168979,8.724100327153762
294,rubbish,22,20,7.368327979015003e-05,3.489640130861505
294,rubbish,93,63,0.0009811598552056568,10.992366412213741
294,rubbish,48,55,0.0004420996787409001,8.375136314067612
295,rubbish,101,40,0.0006765464780731956,6.97928026172301
295,rubbish,40,108,0.0007234358379396548,6.97928026172301
295,rubbish,96,154,0.0024757582009490406,16.750272628135225
295,rubbish,60,63,0.0006330063581971979,10.468920392584515
296,rubbish,53,75,0.0006656614481041962,9.247546346782988
296,rubbish,111,40,0.0007435312778824229,6.97928026172301
296,rubbish,63,53,0.0005591556164075248,9.247546346782988
296,rubbish,35,32,0.00018755743946583642,5.583424209378408
296,rubbish,103,78,0.0013453897041683302,13.60959651035987
296,rubbish,30,30,0.0001507157995707614,5.2344601962922575
296,rubbish,131,53,0.0011626886626886627,9.247546346782988
296,rubbish,60,43,0.000432051958769516,7.502726281352236
296,rubbish,27,22,9.947242771670252e-05,3.8386041439476553
296,rubbish,129,48,0.0010369247010468385,8.375136314067612
297,rubbish,126,76,0.0016036161074329013,13.260632497273718
297,rubbish,43,60,0.000432051958769516,7.502726281352236
297,rubbish,144,108,0.002604369016582757,18.844056706652125
298,rubbish,103,53,0.0009141750553964294,9.247546346782988
298,rubbish,25,15,6.279824982115059e-05,2.6172300981461287
298,rubbish,78,32,0.0004179851508095783,5.583424209378408
298,rubbish,68,93,0.0010590296849838834,11.864776444929117
298,rubbish,30,50,0.00025119299928460235,5.2344601962922575
299,rubbish,116,43,0.0008353004536210643,7.502726281352236
299,rubbish,12,37,7.435312778824229e-05,2.093784078516903
299,rubbish,27,10,4.521473987122842e-05,1.7448200654307524
299,rubbish,10,37,6.196093982353525e-05,1.7448200654307524
299,rubbish,10,12,2.0095439942768186e-05,1.7448200654307524
299,rubbish,108,7,0.00012660127163943957,1.2213740458015268
299,rubbish,10,10,1.6746199952306823e-05,1.7448200654307524
299,rubbish,45,17,0.0001281084296351472,2.966194111232279
299,rubbish,32,12,6.430540781685819e-05,2.093784078516903
299,rubbish,55,17,0.0001565769695540688,2.966194111232279
299,rubbish,30,7,3.516701989984433e-05,1.2213740458015268
299,rubbish,63,20,0.00021100211939906598,3.489640130861505
299,rubbish,25,15,6.279824982115059e-05,2.6172300981461287
299,rubbish,17,25,7.1171349797304e-05,2.966194111232279
299,rubbish,58,63,0.0006119061462572913,10.119956379498364
299,rubbish,45,25,0.00018839474946345176,4.362050163576881
299,rubbish,55,68,0.0006263078782162752,9.59651035986914
299,rubbish,25,37,0.00015490234955883812,4.362050163576881
299,rubbish,32,32,0.00017148108751162186,5.583424209378408
300,rubbish,118,50,0.0009880257971861025,8.724100327153762
300,rubbish,22,22,8.105160776916503e-05,3.8386041439476553
300,rubbish,75,40,0.0005023859985692047,6.97928026172301
301,rubbish,75,68,0.000854056197567648,11.864776444929117
301,rubbish,63,73,0.0007701577358065907,10.992366412213741
301,rubbish,73,48,0.0005867868463288311,8.375136314067612
301,rubbish,45,25,0.00018839474946345176,4.362050163576881
301,rubbish,45,40,0.0003014315991415228,6.97928026172301
301,rubbish,25,68,0.000284685399189216,4.362050163576881
301,rubbish,12,12,2.4114527931321824e-05,2.093784078516903
301,rubbish,12,10,2.0095439942768186e-05,1.7448200654307524
302,rubbish,96,116,0.0018648568266888877,16.750272628135225
302,rubbish,93,70,0.0010901776168951742,12.213740458015268
302,rubbish,144,116,0.002797285240033332,20.239912758996727
302,rubbish,86,53,0.0007632917938261449,9.247546346782988
302,rubbish,30,37,0.00018588281947060572,5.2344601962922575
303,rubbish,32,40,0.00021435135938952733,5.583424209378408
303,rubbish,45,40,0.0003014315991415228,6.97928026172301
303,rubbish,43,22,0.00015841905154882253,3.8386041439476553
303,rubbish,159,111,0.0029555368295826312,19.36750272628135
304,rubbish,245,182,0.007467130558733612,31.755725190839694
304,rubbish,101,103,0.0017421071810384788,17.6226826608506
304,rubbish,35,91,0.0005333664684809723,6.106870229007634
305,rubbish,164,86,0.0023618840412733544,15.005452562704471
305,rubbish,48,101,0.0008118557736878347,8.375136314067612
305,rubbish,169,118,0.0033395271944890266,20.58887677208288
305,rubbish,45,81,0.0006103989882615836,7.851690294438386
306,rubbish,70,78,0.0009143425173959525,12.213740458015268
306,rubbish,58,63,0.0006119061462572913,10.119956379498364
306,rubbish,60,86,0.000864103917539032,10.468920392584515
306,rubbish,126,63,0.0013293133522141157,10.992366412213741
306,rubbish,108,124,0.0022426510976129295,18.844056706652125
306,rubbish,30,37,0.00018588281947060572,5.2344601962922575
307,rubbish,78,65,0.0008490323375819559,11.34133042529989
307,rubbish,58,37,0.0003593734509765044,6.455834242093784
307,rubbish,53,35,0.00031064200911529155,6.106870229007634
307,rubbish,40,50,0.00033492399904613645,6.97928026172301
307,rubbish,43,83,0.0005976718762978304,7.502726281352236
307,rubbish,96,65,0.0010449628770239456,11.34133042529989
307,rubbish,83,88,0.0012231424445164902,14.482006543075245
307,rubbish,40,35,0.00023444679933229553,6.106870229007634
307,rubbish,65,50,0.0005442514984499718,8.724100327153762
308,rubbish,131,111,0.002435064935064935,19.36750272628135
308,rubbish,40,43,0.00028803463917967734,6.97928026172301
308,rubbish,103,146,0.0025182935488279,17.97164667393675
308,rubbish,48,25,0.00020095439942768186,4.362050163576881
309,rubbish,55,113,0.001040776327035869,9.59651035986914
309,rubbish,25,25,0.00010466374970191764,4.362050163576881
309,rubbish,131,149,0.003268690768690769,22.857142857142858
309,rubbish,35,22,0.00012894573963276253,3.8386041439476553
310,rubbish,65,43,0.0004680562886669757,7.502726281352236
310,rubbish,83,53,0.0007366653359019771,9.247546346782988
310,rubbish,35,35,0.00020514094941575858,6.106870229007634
310,rubbish,78,55,0.0007184119779539627,9.59651035986914
310,rubbish,78,43,0.0005616675464003709,7.502726281352236
310,rubbish,88,68,0.0010020926051460403,11.864776444929117
311,rubbish,174,154,0.004487311739220136,26.870229007633586
311,rubbish,48,20,0.0001607635195421455,3.489640130861505
311,rubbish,30,45,0.0002260736993561421,5.2344601962922575
311,rubbish,86,32,0.00046085542268748373,5.583424209378408
311,rubbish,15,22,5.5262459842612515e-05,2.6172300981461287
311,rubbish,88,37,0.0005452562704471102,6.455834242093784
311,rubbish,35,25,0.00014652924958268468,4.362050163576881
311,rubbish,27,17,7.686505778108832e-05,2.966194111232279
311,rubbish,40,43,0.00028803463917967734,6.97928026172301
311,rubbish,32,22,0.00011789324766424003,3.8386041439476553
311,rubbish,149,134,0.00334354628247758,23.380588876772084
311,rubbish,20,63,0.00021100211939906598,3.489640130861505
311,rubbish,55,17,0.0001565769695540688,2.966194111232279
311,rubbish,68,30,0.0003416224790270592,5.2344601962922575
311,rubbish,27,60,0.0002712884392273705,4.711014176663031
311,rubbish,32,10,5.358783984738183e-05,1.7448200654307524
311,rubbish,35,22,0.00012894573963276253,3.8386041439476553
311,rubbish,215,15,0.000540064948461895,2.6172300981461287
312,rubbish,124,81,0.0016819883232096972,14.133042529989094
312,rubbish,116,101,0.0019619847864122673,17.6226826608506
312,rubbish,60,40,0.0004019087988553637,6.97928026172301
313,rubbish,37,32,0.0001982750074353128,5.583424209378408
313,rubbish,35,17,9.963988971622559e-05,2.966194111232279
313,rubbish,111,151,0.0028068305740061466,19.36750272628135
313,rubbish,35,50,0.00029305849916536937,6.106870229007634
313,rubbish,40,37,0.000247843759294141,6.455834242093784
313,rubbish,12,27,5.425768784547411e-05,2.093784078516903
313,rubbish,68,40,0.0004554966387027456,6.97928026172301
313,rubbish,35,12,7.033403979968866e-05,2.093784078516903
313,rubbish,30,15,7.53578997853807e-05,2.6172300981461287
313,rubbish,27,15,6.782210980684263e-05,2.6172300981461287
314,rubbish,32,40,0.00021435135938952733,5.583424209378408
314,rubbish,30,108,0.000542576878454741,5.2344601962922575
314,rubbish,78,37,0.0004832953306235749,6.455834242093784
314,rubbish,32,146,0.0007823824617717748,5.583424209378408
314,rubbish,53,37,0.00032839298106473677,6.455834242093784
314,rubbish,32,58,0.00031080947111481464,5.583424209378408
314,rubbish,88,35,0.0005157829585310501,6.106870229007634
314,rubbish,65,75,0.0008163772476749575,11.34133042529989
314,rubbish,55,30,0.00027631229921306255,5.2344601962922575
314,rubbish,53,25,0.0002218871493680654,4.362050163576881
314,rubbish,106,81,0.0014378287279050639,14.133042529989094
315,rubbish,25,20,8.373099976153411e-05,3.489640130861505
315,rubbish,93,43,0.0006696805360927498,7.502726281352236
315,rubbish,30,17,8.54056197567648e-05,2.966194111232279
315,rubbish,48,35,0.00028133615919875463,6.106870229007634
315,rubbish,126,40,0.0008440084775962639,6.97928026172301
316,rubbish,162,68,0.0018447613867461196,11.864776444929117
316,rubbish,111,144,0.0026767126003767227,19.36750272628135
316,rubbish,86,55,0.0007920952577441127,9.59651035986914
316,rubbish,96,63,0.0010128101731155166,10.992366412213741
316,rubbish,12,20,4.019087988553637e-05,2.093784078516903
316,rubbish,17,17,4.839651786216672e-05,2.966194111232279
316,rubbish,83,55,0.0007644640278228064,9.59651035986914
317,rubbish,32,43,0.00023042771134374187,5.583424209378408
317,rubbish,35,35,0.00020514094941575858,6.106870229007634
317,rubbish,91,48,0.000731474013916762,8.375136314067612
317,rubbish,40,40,0.00026793919923690917,6.97928026172301
317,rubbish,129,73,0.0015769896495087335,12.737186477644492
317,rubbish,45,83,0.0006254705682186598,7.851690294438386
317,rubbish,86,63,0.0009073091134159837,10.992366412213741
318,rubbish,63,83,0.0008756587955061237,10.992366412213741
318,rubbish,96,118,0.0018970095305973168,16.750272628135225
318,rubbish,73,134,0.0016381132793346534,12.737186477644492
318,rubbish,83,32,0.0004447790707332692,5.583424209378408
318,rubbish,113,27,0.0005109265605448811,4.711014176663031
319,rubbish,43,37,0.0002664320412412015,6.455834242093784
319,rubbish,50,111,0.0009294140973530287,8.724100327153762
319,rubbish,131,86,0.0018866268866268867,15.005452562704471
319,rubbish,35,58,0.0003399478590318285,6.106870229007634
319,rubbish,30,63,0.00031650317909859895,5.2344601962922575
319,rubbish,68,351,0.003996983004616593,11.864776444929117
320,rubbish,96,91,0.001462948027833524,15.877862595419847
320,rubbish,202,159,0.0053785445006819055,27.742639040348966
321,rubbish,15,12,3.014315991415228e-05,2.093784078516903
321,rubbish,25,40,0.00016746199952306822,4.362050163576881
321,rubbish,108,116,0.002097963930024999,18.844056706652125
322,rubbish,124,144,0.0029902014634839063,21.63576881134133
322,rubbish,30,37,0.00018588281947060572,5.2344601962922575
322,rubbish,334,179,0.010011883103486156,31.232279171210468
322,rubbish,37,88,0.0005452562704471102,6.455834242093784
322,rubbish,86,68,0.000979317773210903,11.864776444929117
322,rubbish,15,15,3.767894989269035e-05,2.6172300981461287
322,rubbish,78,50,0.0006531017981399661,8.724100327153762
322,rubbish,40,35,0.00023444679933229553,6.106870229007634
322,rubbish,45,35,0.00026375264924883245,6.106870229007634
322,rubbish,37,30,0.00018588281947060572,5.2344601962922575
322,rubbish,70,50,0.0005861169983307387,8.724100327153762
322,rubbish,48,25,0.00020095439942768186,4.362050163576881
322,rubbish,45,27,0.0002034663294205279,4.711014176663031
322,rubbish,58,43,0.00041765022681053215,7.502726281352236
322,rubbish,30,32,0.0001607635195421455,5.2344601962922575
322,rubbish,68,58,0.0006604701261189811,10.119956379498364
323,rubbish,113,45,0.0008515442675748019,7.851690294438386
323,rubbish,58,75,0.0007284596979253467,10.119956379498364
323,rubbish,55,106,0.0009763034572194877,9.59651035986914
324,rubbish,50,45,0.0003767894989269035,7.851690294438386
324,rubbish,43,15,0.000108012989692379,2.6172300981461287
324,rubbish,45,55,0.0004144684488195939,7.851690294438386
324,rubbish,43,32,0.00023042771134374187,5.583424209378408
324,rubbish,53,25,0.0002218871493680654,4.362050163576881
324,rubbish,48,20,0.0001607635195421455,3.489640130861505
324,rubbish,15,22,5.5262459842612515e-05,2.6172300981461287
324,rubbish,27,32,0.00014468716758793095,4.711014176663031
324,rubbish,60,43,0.000432051958769516,7.502726281352236
324,rubbish,17,55,0.0001565769695540688,2.966194111232279
324,rubbish,27,48,0.00021703075138189643,4.711014176663031
324,rubbish,22,12,4.4209967874090014e-05,2.093784078516903
324,rubbish,27,12,5.425768784547411e-05,2.093784078516903
324,rubbish,45,43,0.000324038969077137,7.502726281352236
324,rubbish,30,7,3.516701989984433e-05,1.2213740458015268
324,rubbish,184,172,0.005299837360906063,30.010905125408943
325,rubbish,55,58,0.0005342037784785876,9.59651035986914
325,rubbish,20,43,0.00014401731958983867,3.489640130861505
325,rubbish,35,48,0.00028133615919875463,6.106870229007634
325,rubbish,73,75,0.0009168544473887986,12.737186477644492
325,rubbish,73,58,0.0007090341059806708,10.119956379498364
325,rubbish,70,63,0.0007385074178967309,10.992366412213741
325,rubbish,81,75,0.0010173316471026395,13.086150490730644
326,rubbish,106,98,0.0017395952510456327,17.099236641221374
326,rubbish,96,129,0.002073849402093677,16.750272628135225
326,rubbish,55,78,0.0007184119779539627,9.59651035986914
326,rubbish,35,40,0.00023444679933229553,6.106870229007634
326,rubbish,45,35,0.00026375264924883245,6.106870229007634
326,rubbish,45,73,0.0005501126684332792,7.851690294438386
326,rubbish,40,73,0.0004889890386073592,6.97928026172301
326,rubbish,53,30,0.0002662645792416785,5.2344601962922575
326,rubbish,60,53,0.000532529158483357,9.247546346782988
326,rubbish,86,50,0.0007200865979491934,8.724100327153762
326,rubbish,50,83,0.0006949672980207331,8.724100327153762
326,rubbish,43,45,0.000324038969077137,7.502726281352236
326,rubbish,108,55,0.0009947242771670252,9.59651035986914
326,rubbish,32,32,0.00017148108751162186,5.583424209378408
326,rubbish,37,35,0.00021686328938237334,6.106870229007634
327,rubbish,17,15,4.27028098783824e-05,2.6172300981461287
327,rubbish,55,96,0.0008841993574818002,9.59651035986914
327,rubbish,86,98,0.001411369731980419,15.005452562704471
327,rubbish,159,106,0.002822404539961792,18.495092693565976
328,rubbish,65,139,0.0015130191656909215,11.34133042529989
329,rubbish,60,50,0.0005023859985692047,8.724100327153762
329,rubbish,60,43,0.000432051958769516,7.502726281352236
329,rubbish,118,91,0.0017982069508787066,15.877862595419847
329,rubbish,12,15,3.014315991415228e-05,2.093784078516903
329,rubbish,113,93,0.001759858152987924,16.226826608506
329,rubbish,65,58,0.0006313317382019672,10.119956379498364
329,rubbish,131,65,0.0014259389259389259,11.34133042529989
329,rubbish,101,129,0.002181862391786056,17.6226826608506
330,rubbish,88,116,0.0017094520911314804,15.354416575790621
330,rubbish,60,70,0.0007033403979968865,10.468920392584515
330,rubbish,65,70,0.0007619520978299604,11.34133042529989
330,rubbish,189,83,0.002626976386518371,14.482006543075245
330,rubbish,60,43,0.000432051958769516,7.502726281352236
330,rubbish,48,27,0.00021703075138189643,4.711014176663031
330,rubbish,55,43,0.00039604762887205633,7.502726281352236
330,rubbish,50,22,0.00018420819947537504,3.8386041439476553
330,rubbish,45,25,0.00018839474946345176,4.362050163576881
331,rubbish,159,106,0.002822404539961792,18.495092693565976
331,rubbish,111,40,0.0007435312778824229,6.97928026172301
332,rubbish,45,43,0.000324038969077137,7.502726281352236
332,rubbish,91,58,0.0008838644334827541,10.119956379498364
332,rubbish,30,27,0.00013564421961368526,4.711014176663031
332,rubbish,65,50,0.0005442514984499718,8.724100327153762
332,rubbish,81,65,0.0008816874274889542,11.34133042529989
332,rubbish,73,22,0.00026894397123404756,3.8386041439476553
333,rubbish,60,35,0.00035167019899844327,6.106870229007634
333,rubbish,53,40,0.0003550194389889046,6.97928026172301
333,rubbish,32,25,0.00013396959961845458,4.362050163576881
333,rubbish,35,63,0.00036925370894836545,6.106870229007634
333,rubbish,55,30,0.00027631229921306255,5.2344601962922575
333,rubbish,101,55,0.000930251407350644,9.59651035986914
333,rubbish,70,45,0.0005275052984976649,7.851690294438386
333,rubbish,40,60,0.0004019087988553637,6.97928026172301
334,rubbish,78,65,0.0008490323375819559,11.34133042529989
334,rubbish,103,50,0.0008624292975438014,8.724100327153762
334,rubbish,68,22,0.00025052315128651007,3.8386041439476553
334,rubbish,98,48,0.0007877412457565129,8.375136314067612
334,rubbish,48,37,0.00029741251115296917,6.455834242093784
335,rubbish,172,118,0.003398808742320193,20.58887677208288
335,rubbish,45,63,0.0004747547686478984,7.851690294438386
336,rubbish,35,73,0.0004278654087814393,6.106870229007634
336,rubbish,37,35,0.00021686328938237334,6.106870229007634
336,rubbish,81,65,0.0008816874274889542,11.34133042529989
336,rubbish,232,167,0.006488147709521755,29.138495092693567
337,rubbish,20,17,5.69370798378432e-05,2.966194111232279
337,rubbish,131,121,0.0026544401544401543,21.112322791712106
337,rubbish,98,53,0.0008697976255228163,9.247546346782988
337,rubbish,30,43,0.000216025979384758,5.2344601962922575
338,rubbish,20,53,0.0001775097194944523,3.489640130861505
338,rubbish,124,101,0.0020972940820269065,17.6226826608506
338,rubbish,48,25,0.00020095439942768186,4.362050163576881
338,rubbish,37,40,0.000247843759294141,6.455834242093784
338,rubbish,25,37,0.00015490234955883812,4.362050163576881
338,rubbish,68,60,0.0006832449580541184,10.468920392584515
338,rubbish,45,91,0.0006857568880469643,7.851690294438386
338,rubbish,53,86,0.0007632917938261449,9.247546346782988
338,rubbish,58,50,0.0004856397986168979,8.724100327153762
338,rubbish,30,37,0.00018588281947060572,5.2344601962922575
338,rubbish,377,291,0.018371753581677246,50.774263904034896
338,rubbish,111,136,0.002528006344800238,19.36750272628135
339,rubbish,96,48,0.0007716648938022984,8.375136314067612
339,rubbish,25,25,0.00010466374970191764,4.362050163576881
339,rubbish,35,25,0.00014652924958268468,4.362050163576881
339,rubbish,93,45,0.0007008284680040405,7.851690294438386
339,rubbish,131,58,0.0012723762723762723,10.119956379498364
340,rubbish,75,98,0.0012308456964945514,13.086150490730644
340,rubbish,58,116,0.001126684332791203,10.119956379498364
340,rubbish,83,65,0.0009034574874269531,11.34133042529989
340,rubbish,37,37,0.0002292554773470804,6.455834242093784
340,rubbish,40,83,0.0005559738384165866,6.97928026172301
340,rubbish,63,75,0.0007912579477464973,10.992366412213741
340,rubbish,101,37,0.0006258054922177059,6.455834242093784
341,rubbish,70,88,0.0010315659170621002,12.213740458015268
341,rubbish,108,35,0.0006330063581971979,6.106870229007634
341,rubbish,106,93,0.0016508403912984066,16.226826608506
342,rubbish,113,108,0.0020437062421795244,18.844056706652125
342,rubbish,58,58,0.0005633421663956015,10.119956379498364
343,rubbish,60,116,0.0011655355166805548,10.468920392584515
344,rubbish,17,15,4.27028098783824e-05,2.6172300981461287
344,rubbish,70,30,0.00035167019899844327,5.2344601962922575
344,rubbish,131,73,0.0016014391014391013,12.737186477644492
344,rubbish,83,151,0.002098801240022614,14.482006543075245
344,rubbish,144,116,0.002797285240033332,20.239912758996727
345,rubbish,98,78,0.0012800795243543335,13.60959651035987
345,rubbish,43,43,0.00030963723711815316,7.502726281352236
345,rubbish,45,83,0.0006254705682186598,7.851690294438386
346,rubbish,55,88,0.0008105160776916503,9.59651035986914
346,rubbish,73,121,0.0014791918417872616,12.737186477644492
346,rubbish,32,50,0.00026793919923690917,5.583424209378408
346,rubbish,136,78,0.0017764368909407077,13.60959651035987
346,rubbish,50,45,0.0003767894989269035,7.851690294438386
346,rubbish,55,30,0.00027631229921306255,5.2344601962922575
346,rubbish,55,40,0.0003684163989507501,6.97928026172301
346,rubbish,37,53,0.00032839298106473677,6.455834242093784
346,rubbish,17,10,2.84685399189216e-05,1.7448200654307524
346,rubbish,37,78,0.0004832953306235749,6.455834242093784
346,rubbish,25,43,0.00018002164948729835,4.362050163576881
346,rubbish,101,101,0.001708279857134819,17.6226826608506
346,rubbish,53,35,0.00031064200911529155,6.106870229007634
346,rubbish,58,75,0.0007284596979253467,10.119956379498364
346,rubbish,50,48,0.0004019087988553637,8.375136314067612
346,rubbish,37,30,0.00018588281947060572,5.2344601962922575
347,rubbish,164,227,0.004488329475308642,27.333333333333332
348,rubbish,47,63,0.00035698784722222224,7.833333333333333
348,rubbish,161,166,0.0032221739969135804,26.833333333333332
349,rubbish,129,132,0.002052951388888889,21.5
349,rubbish,68,98,0.0008034336419753086,11.333333333333334
349,rubbish,29,45,0.00015733506944444445,4.833333333333333
349,rubbish,172,92,0.0019077932098765433,15.333333333333334
350,rubbish,113,121,0.001648461612654321,18.833333333333332
350,rubbish,95,98,0.0011224440586419754,15.833333333333334
350,rubbish,137,129,0.002130714699074074,21.5
351,rubbish,254,169,0.00517529899691358,28.166666666666668
351,rubbish,318,148,0.005674189814814815,24.666666666666668
352,rubbish,180,193,0.004188368055555555,30.0
352,rubbish,103,172,0.0021358989197530864,17.166666666666668
352,rubbish,98,45,0.0005316840277777777,7.5
353,rubbish,214,161,0.0041538869598765436,26.833333333333332
353,rubbish,206,182,0.0045201581790123456,30.333333333333332
354,rubbish,145,445,0.007779345100308642,24.166666666666668
355,rubbish,100,82,0.0009886188271604939,13.666666666666666
355,rubbish,106,111,0.0014185474537037038,17.666666666666668
355,rubbish,92,74,0.0008207947530864197,12.333333333333334
355,rubbish,45,74,0.00040147569444444443,7.5
356,rubbish,198,84,0.0020052083333333332,14.0
356,rubbish,124,55,0.000822241512345679,9.166666666666666
356,rubbish,129,116,0.0018041087962962963,19.333333333333332
356,rubbish,42,42,0.0002126736111111111,7.0
357,rubbish,222,201,0.005379774305555555,33.5
358,rubbish,151,217,0.0039504967206790125,25.166666666666668
358,rubbish,124,209,0.0031245177469135803,20.666666666666668
358,rubbish,1383,251,0.041851490162037035,41.833333333333336
359,rubbish,371,257,0.01149534625771605,42.833333333333336
359,rubbish,649,434,0.033958574459876545,72.33333333333333
360,rubbish,161,196,0.003804494598765432,26.833333333333332
361,rubbish,177,174,0.003713107638888889,29.0
361,rubbish,177,166,0.003542390046296296,27.666666666666668
362,rubbish,145,201,0.003513816550925926,24.166666666666668
362,rubbish,267,190,0.006116174768518518,31.666666666666668
363,rubbish,180,135,0.0029296875,22.5
363,rubbish,106,92,0.001175733024691358,15.333333333333334
363,rubbish,217,145,0.0037935233410493828,24.166666666666668
364,rubbish,254,87,0.0026642071759259258,14.5
364,rubbish,37,31,0.0001382860725308642,5.166666666666667
364,rubbish,217,82,0.0021453028549382716,13.666666666666666
365,rubbish,111,225,0.0030110677083333335,18.5
366,rubbish,108,113,0.0014713541666666666,18.0
366,rubbish,21,26,6.582754629629629e-05,3.5
366,rubbish,113,82,0.001117139274691358,13.666666666666666
366,rubbish,84,100,0.0010127314814814814,14.0
366,rubbish,227,87,0.0023810040509259257,14.5
367,rubbish,360,355,0.015407986111111112,59.166666666666664
368,rubbish,98,108,0.0012760416666666666,16.333333333333332
368,rubbish,98,103,0.001216965663580247,16.333333333333332
368,rubbish,100,71,0.0008559992283950617,11.833333333333334
368,rubbish,172,116,0.0024054783950617285,19.333333333333332
368,rubbish,95,84,0.0009620949074074074,14.0
368,rubbish,76,76,0.0006963734567901234,12.666666666666666
368,rubbish,667,434,0.034900414737654324,72.33333333333333
369,rubbish,270,161,0.005240885416666666,26.833333333333332
369,rubbish,47,124,0.0007026427469135802,7.833333333333333
369,rubbish,206,151,0.00375024112654321,25.166666666666668
369,rubbish,108,53,0.0006901041666666667,8.833333333333334
370,rubbish,182,230,0.005046778549382716,30.333333333333332
370,rubbish,265,243,0.007763671875,40.5
371,rubbish,31,39,0.00014576099537037037,5.166666666666667
371,rubbish,254,84,0.002572337962962963,14.0
372,rubbish,100,161,0.0019410686728395061,16.666666666666668
372,rubbish,60,29,0.0002097800925925926,4.833333333333333
372,rubbish,121,79,0.001152464313271605,13.166666666666666
373,rubbish,227,143,0.003913604359567901,23.833333333333332
373,rubbish,108,116,0.0015104166666666666,18.0
373,rubbish,111,74,0.000990306712962963,12.333333333333334
373,rubbish,222,225,0.006022135416666667,37.0
373,rubbish,79,111,0.0010572193287037037,13.166666666666666
373,rubbish,68,127,0.001041184413580247,11.333333333333334
373,rubbish,702,386,0.03266927083333333,64.33333333333333
374,rubbish,381,164,0.007533275462962963,27.333333333333332
375,rubbish,180,177,0.003841145833333333,29.5
376,rubbish,68,434,0.0035580632716049384,11.333333333333334
377,rubbish,410,204,0.010083912037037037,34.0
378,rubbish,249,177,0.005313585069444444,29.5
379,rubbish,129,217,0.003374927662037037,21.5
379,rubbish,47,98,0.0005553144290123457,7.833333333333333
380,rubbish,458,341,0.018829330632716048,56.833333333333336
381,rubbish,90,60,0.0006510416666666666,10.0
381,rubbish,90,106,0.0011501736111111111,15.0
381,rubbish,92,58,0.0006433256172839507,9.666666666666666
381,rubbish,82,217,0.0021453028549382716,13.666666666666666
381,rubbish,238,174,0.004992766203703704,29.0
382,rubbish,164,124,0.0024517746913580245,20.666666666666668
383,rubbish,185,172,0.0038363233024691357,28.666666666666668
383,rubbish,182,140,0.003071952160493827,23.333333333333332
383,rubbish,185,164,0.0036578896604938273,27.333333333333332
384,rubbish,418,190,0.009575135030864197,31.666666666666668
384,rubbish,26,29,9.090470679012345e-05,4.333333333333333
385,rubbish,92,108,0.0011979166666666666,15.333333333333334
385,rubbish,132,74,0.001177662037037037,12.333333333333334
385,rubbish,82,60,0.0005931712962962963,10.0
386,rubbish,92,100,0.001109182098765432,15.333333333333334
386,rubbish,127,121,0.0018526957947530864,20.166666666666668
386,rubbish,45,50,0.0002712673611111111,7.5
387,rubbish,193,201,0.00467701099537037,32.166666666666664
387,rubbish,185,169,0.003769410686728395,28.166666666666668
388,rubbish,10,15,1.808449074074074e-05,1.6666666666666667
388,rubbish,66,92,0.0007320601851851852,11.0
389,rubbish,108,100,0.0013020833333333333,16.666666666666668
389,rubbish,23,29,8.041570216049383e-05,3.8333333333333335
389,rubbish,55,92,0.0006100501543209876,9.166666666666666
390,rubbish,55,98,0.0006498360339506173,9.166666666666666
390,rubbish,111,76,0.0010170717592592592,12.666666666666666
390,rubbish,50,124,0.0007474922839506172,8.333333333333334
390,rubbish,55,47,0.00031165605709876544,7.833333333333333
390,rubbish,68,121,0.0009919945987654321,11.333333333333334
391,rubbish,124,113,0.0016893325617283951,18.833333333333332
391,rubbish,100,87,0.001048900462962963,14.5
391,rubbish,98,71,0.0008388792438271605,11.833333333333334
392,rubbish,111,143,0.0019137008101851852,18.5
392,rubbish,127,180,0.002756076388888889,21.166666666666668
393,rubbish,288,121,0.004201388888888889,20.166666666666668
393,rubbish,113,106,0.0014441068672839507,17.666666666666668
394,rubbish,95,74,0.0008475597993827161,12.333333333333334
394,rubbish,185,87,0.0019404658564814814,14.5
394,rubbish,148,79,0.0014096257716049382,13.166666666666666
394,rubbish,58,161,0.0011258198302469137,9.666666666666666
395,rubbish,45,82,0.0004448784722222222,7.5
395,rubbish,87,39,0.00040907118055555553,6.5
395,rubbish,15,21,3.7977430555555556e-05,2.5
395,rubbish,15,10,1.808449074074074e-05,1.6666666666666667
395,rubbish,111,82,0.001097366898148148,13.666666666666666
396,rubbish,42,39,0.0001974826388888889,6.5
396,rubbish,129,140,0.0021773726851851854,21.5
396,rubbish,53,47,0.0003003231095679012,7.833333333333333
396,rubbish,55,82,0.0005437403549382716,9.166666666666666
397,rubbish,103,95,0.001179711612654321,15.833333333333334
398,rubbish,119,201,0.0028837528935185186,19.833333333333332
398,rubbish,90,82,0.0008897569444444444,13.666666666666666
398,rubbish,76,151,0.0013835841049382716,12.666666666666666
398,rubbish,79,193,0.0018382282021604938,13.166666666666666
399,rubbish,60,58,0.0004195601851851852,9.666666666666666
399,rubbish,39,42,0.0001974826388888889,6.5
399,rubbish,161,71,0.0013781587577160494,11.833333333333334
399,rubbish,76,103,0.0009437692901234568,12.666666666666666
399,rubbish,13,26,4.0750385802469135e-05,2.1666666666666665
400,rubbish,100,71,0.0008559992283950617,11.833333333333334
401,rubbish,113,161,0.002193407600308642,18.833333333333332
402,rubbish,82,113,0.001117139274691358,13.666666666666666
402,rubbish,106,95,0.0012140721450617283,15.833333333333334
402,rubbish,106,74,0.0009456983024691358,12.333333333333334
403,rubbish,63,66,0.0005013020833333333,10.5
403,rubbish,53,60,0.0003833912037037037,8.833333333333334
403,rubbish,31,42,0.00015697337962962963,5.166666666666667
403,rubbish,148,129,0.0023017939814814815,21.5
404,rubbish,45,50,0.0002712673611111111,7.5
404,rubbish,42,39,0.0001974826388888889,6.5
404,rubbish,132,108,0.00171875,18.0
404,rubbish,53,119,0.0007603925540123457,8.833333333333334
404,rubbish,50,58,0.00034963348765432097,8.333333333333334
404,rubbish,79,92,0.0008762538580246914,13.166666666666666
404,rubbish,106,39,0.0004984085648148148,6.5
404,rubbish,92,108,0.0011979166666666666,15.333333333333334
405,rubbish,76,106,0.0009712577160493828,12.666666666666666
405,rubbish,21,29,7.342303240740741e-05,3.5
406,rubbish,113,132,0.0017983217592592593,18.833333333333332
406,rubbish,42,50,0.00025318287037037036,7.0
407,rubbish,60,84,0.0006076388888888889,10.0
407,rubbish,98,180,0.002126736111111111,16.333333333333332
407,rubbish,47,53,0.0003003231095679012,7.833333333333333
408,rubbish,74,71,0.0006334394290123457,11.833333333333334
408,rubbish,63,55,0.0004177517361111111,9.166666666666666
409,rubbish,127,111,0.0016995804398148148,18.5
409,rubbish,71,84,0.0007190393518518519,11.833333333333334
410,rubbish,151,299,0.005443311149691358,25.166666666666668
410,rubbish,87,74,0.0007761863425925926,12.333333333333334
411,rubbish,121,71,0.0010357590663580248,11.833333333333334
411,rubbish,111,76,0.0010170717592592592,12.666666666666666
411,rubbish,50,60,0.0003616898148148148,8.333333333333334
411,rubbish,92,90,0.0009982638888888888,15.0
411,rubbish,119,84,0.001205150462962963,14.0
411,rubbish,82,119,0.0011764564043209877,13.666666666666666
411,rubbish,84,42,0.0004253472222222222,7.0
412,rubbish,113,90,0.0012261284722222222,15.0
413,rubbish,13,15,2.3509837962962963e-05,2.1666666666666665
413,rubbish,87,55,0.0005768952546296297,9.166666666666666
413,rubbish,18,23,4.991319444444445e-05,3.0
413,rubbish,103,90,0.0011176215277777777,15.0
413,rubbish,113,127,0.0017302035108024692,18.833333333333332
414,rubbish,82,174,0.0017201967592592592,13.666666666666666
414,rubbish,106,71,0.0009073591820987655,11.833333333333334
414,rubbish,21,29,7.342303240740741e-05,3.5
415,rubbish,164,161,0.00318335262345679,26.833333333333332
416,rubbish,98,108,0.0012760416666666666,16.333333333333332
416,rubbish,50,66,0.0003978587962962963,8.333333333333334
416,rubbish,124,95,0.001420235339506173,15.833333333333334
417,rubbish,98,95,0.0011224440586419754,15.833333333333334
417,rubbish,108,127,0.0016536458333333334,18.0
417,rubbish,58,68,0.0004755015432098765,9.666666666666666
417,rubbish,13,18,2.8211805555555554e-05,2.1666666666666665
418,rubbish,108,79,0.0010286458333333332,13.166666666666666
419,rubbish,180,113,0.0024522569444444444,18.833333333333332
419,rubbish,42,42,0.0002126736111111111,7.0
420,rubbish,63,124,0.0009418402777777778,10.5
420,rubbish,47,50,0.00028332368827160495,7.833333333333333
420,rubbish,45,37,0.00020073784722222221,6.166666666666667
420,rubbish,87,63,0.0006608072916666666,10.5
420,rubbish,21,26,6.582754629629629e-05,3.5
420,rubbish,18,21,4.557291666666667e-05,3.0
420,rubbish,111,74,0.000990306712962963,12.333333333333334
421,rubbish,103,121,0.0015025800540123457,17.166666666666668
421,rubbish,121,121,0.0017651668595679013,20.166666666666668
422,rubbish,137,164,0.0027088155864197533,22.833333333333332
422,rubbish,18,23,4.991319444444445e-05,3.0
422,rubbish,76,124,0.0011361882716049382,12.666666666666666
422,rubbish,15,31,5.6061921296296296e-05,2.5
423,rubbish,63,58,0.00044053819444444446,9.666666666666666
423,rubbish,108,159,0.0020703125,18.0
423,rubbish,58,47,0.00032865547839506175,7.833333333333333
424,rubbish,60,74,0.0005353009259259259,10.0
424,rubbish,53,55,0.00035144193672839507,8.833333333333334
425,rubbish,45,37,0.00020073784722222221,6.166666666666667
425,rubbish,129,124,0.0019285300925925926,20.666666666666668
425,rubbish,53,84,0.0005367476851851851,8.833333333333334
425,rubbish,87,60,0.0006293402777777778,10.0
426,rubbish,87,66,0.0006922743055555556,11.0
426,rubbish,100,111,0.001338252314814815,16.666666666666668
426,rubbish,47,55,0.00031165605709876544,7.833333333333333
426,rubbish,98,74,0.0008743248456790124,12.333333333333334
426,rubbish,42,47,0.00023799189814814814,7.0
426,rubbish,37,45,0.00020073784722222221,6.166666666666667
426,rubbish,124,76,0.0011361882716049382,12.666666666666666
426,rubbish,98,100,0.001181520061728395,16.333333333333332
426,rubbish,84,82,0.0008304398148148148,13.666666666666666
426,rubbish,15,13,2.3509837962962963e-05,2.1666666666666665
427,rubbish,53,50,0.00031949266975308643,8.333333333333334
427,rubbish,58,79,0.0005524209104938271,9.666666666666666
427,rubbish,145,132,0.0023075810185185187,22.0
428,rubbish,87,66,0.0006922743055555556,11.0
428,rubbish,84,76,0.0007696759259259259,12.666666666666666
428,rubbish,18,15,3.255208333333333e-05,2.5
428,rubbish,18,13,2.8211805555555554e-05,2.1666666666666665
429,rubbish,92,84,0.000931712962962963,14.0
429,rubbish,177,124,0.0026461226851851854,20.666666666666668
430,rubbish,63,66,0.0005013020833333333,10.5
430,rubbish,47,55,0.00031165605709876544,7.833333333333333
431,rubbish,135,246,0.00400390625,22.5
431,rubbish,201,257,0.006227936921296296,33.5
432,rubbish,45,42,0.00022786458333333334,7.0
432,rubbish,15,18,3.255208333333333e-05,2.5
432,rubbish,84,50,0.0005063657407407407,8.333333333333334
432,rubbish,31,31,0.00011586130401234567,5.166666666666667
433,rubbish,151,222,0.0040415219907407405,25.166666666666668
434,rubbish,119,135,0.0019368489583333334,19.833333333333332
434,rubbish,153,113,0.002084418402777778,18.833333333333332
435,rubbish,71,116,0.0009929591049382717,11.833333333333334
435,rubbish,23,26,7.209683641975309e-05,3.8333333333333335
435,rubbish,95,108,0.0012369791666666666,15.833333333333334
435,rubbish,82,45,0.0004448784722222222,7.5
436,rubbish,82,70,0.0009612318772624116,12.213740458015268
436,rubbish,62,80,0.0008306115176344184,10.817884405670664
436,rubbish,110,102,0.0018789236346488255,17.797164667393677
436,rubbish,80,75,0.0010047719971384094,13.086150490730644
437,rubbish,80,62,0.0008306115176344184,10.817884405670664
437,rubbish,123,67,0.0013800543380696052,11.690294438386042
437,rubbish,57,65,0.0006204467082329678,9.945474372955289
437,rubbish,128,97,0.002079208186078415,16.924754634678298
437,rubbish,85,57,0.0008113533876892656,9.945474372955289
437,rubbish,80,67,0.0008975963174436457,11.690294438386042
438,rubbish,75,52,0.0006531017981399661,9.073064340239913
438,rubbish,77,42,0.0005415721064576026,7.32824427480916
438,rubbish,37,27,0.00016729453752354517,4.711014176663031
438,rubbish,35,22,0.00012894573963276253,3.8386041439476553
438,rubbish,113,45,0.0008515442675748019,7.851690294438386
439,rubbish,221,190,0.007031729359973635,33.151581243184296
440,rubbish,35,125,0.0007326462479134235,6.106870229007634
440,rubbish,103,70,0.0012074010165613218,12.213740458015268
440,rubbish,70,62,0.0007267850779301161,10.817884405670664
440,rubbish,35,50,0.00029305849916536937,6.106870229007634
440,rubbish,72,32,0.0003858324469011492,5.583424209378408
440,rubbish,100,218,0.003650671589602887,17.448200654307524
441,rubbish,37,112,0.0006939625260235947,6.455834242093784
442,rubbish,85,87,0.0012383814864730894,14.830970556161397
442,rubbish,93,32,0.000498366910580651,5.583424209378408
442,rubbish,47,57,0.0004486306967222998,8.200654307524536
442,rubbish,52,40,0.0003483209590079819,6.97928026172301
442,rubbish,60,35,0.00035167019899844327,6.106870229007634
443,rubbish,72,75,0.0009042947974245684,12.562704471101418
443,rubbish,62,110,0.0011420908367473252,10.817884405670664
443,rubbish,25,35,0.00014652924958268468,4.362050163576881
444,rubbish,87,72,0.0010489819650124994,12.562704471101418
444,rubbish,40,112,0.0007502297578633457,6.97928026172301
444,rubbish,85,75,0.00106757024695956,13.086150490730644
444,rubbish,85,155,0.002206311843716424,14.830970556161397
444,rubbish,35,47,0.00027547498921544724,6.106870229007634
445,rubbish,45,102,0.0007686505778108832,7.851690294438386
445,rubbish,93,40,0.0006229586382258138,6.97928026172301
445,rubbish,70,123,0.0014418478158936174,12.213740458015268
445,rubbish,100,95,0.0015908889954691482,16.575790621592148
446,rubbish,67,107,0.0012005350745808762,11.690294438386042
447,rubbish,93,143,0.0022270771316572845,16.226826608506
447,rubbish,50,47,0.00039353569887921034,8.200654307524536
447,rubbish,70,82,0.0009612318772624116,12.213740458015268
448,rubbish,55,62,0.0005710454183736626,9.59651035986914
448,rubbish,100,87,0.0014569193958506935,15.179934569247546
449,rubbish,85,85,0.001209912946554168,14.830970556161397
449,rubbish,103,87,0.0015006269777262144,15.179934569247546
449,rubbish,27,80,0.0003617179189698274,4.711014176663031
449,rubbish,93,42,0.0006541065701371045,7.32824427480916
449,rubbish,123,50,0.0010298912970668696,8.724100327153762
450,rubbish,87,52,0.0007575980858423606,9.073064340239913
450,rubbish,72,25,0.0003014315991415228,4.362050163576881
450,rubbish,85,65,0.0009252275473649519,11.34133042529989
450,rubbish,55,22,0.00020262901942291257,3.8386041439476553
451,rubbish,95,80,0.0012727111963753185,13.95856052344602
451,rubbish,87,30,0.0004370758187552081,5.2344601962922575
452,rubbish,60,70,0.0007033403979968865,10.468920392584515
453,rubbish,108,138,0.002495853640891809,18.844056706652125
453,rubbish,47,45,0.0003541821289912893,7.851690294438386
454,rubbish,90,135,0.002034663294205279,15.703380588876772
454,rubbish,57,57,0.0005440840364504487,9.945474372955289
454,rubbish,30,70,0.00035167019899844327,5.2344601962922575
454,rubbish,42,75,0.0005275052984976649,7.32824427480916
455,rubbish,118,47,0.0009287442493549363,8.200654307524536
455,rubbish,50,40,0.00033492399904613645,6.97928026172301
455,rubbish,47,55,0.0004328892687671314,8.200654307524536
456,rubbish,80,140,0.0018755743946583642,13.95856052344602
457,rubbish,100,62,0.001038264397043023,10.817884405670664
457,rubbish,105,75,0.0013187632462441624,13.086150490730644
457,rubbish,72,65,0.0007837221577679593,11.34133042529989
458,rubbish,143,90,0.002155235933861888,15.703380588876772
458,rubbish,90,52,0.0007837221577679593,9.073064340239913
458,rubbish,133,72,0.0016036161074329013,12.562704471101418
459,rubbish,55,80,0.0007368327979015002,9.59651035986914
459,rubbish,62,50,0.0005191321985215115,8.724100327153762
459,rubbish,75,60,0.000753578997853807,10.468920392584515
460,rubbish,17,17,4.839651786216672e-05,2.966194111232279
461,rubbish,77,67,0.0008639364555395089,11.690294438386042
462,rubbish,70,133,0.0015590712155597651,12.213740458015268
462,rubbish,57,45,0.00042954002877667,7.851690294438386
462,rubbish,55,52,0.0004789413186359751,9.073064340239913
463,rubbish,115,47,0.0009051321074221838,8.200654307524536
463,rubbish,90,60,0.0009042947974245684,10.468920392584515
464,rubbish,90,168,0.0025320254327887916,15.703380588876772
464,rubbish,55,70,0.0006447286981638127,9.59651035986914
465,rubbish,82,97,0.0013319927442064846,14.30752453653217
466,rubbish,65,90,0.0009796526972099492,11.34133042529989
466,rubbish,42,60,0.00042200423879813195,7.32824427480916
466,rubbish,42,37,0.000260235947258848,6.455834242093784
467,rubbish,165,195,0.00538808983465472,28.789531079607414
467,rubbish,90,67,0.0010097958571241015,11.690294438386042
467,rubbish,115,70,0.0013480690961606991,12.213740458015268
467,rubbish,27,57,0.000257724017266002,4.711014176663031
468,rubbish,52,160,0.0013932838360319276,9.073064340239913
468,rubbish,95,118,0.0018772490146535948,16.575790621592148
468,rubbish,178,72,0.0021461929858876422,12.562704471101418
468,rubbish,115,112,0.0021569105538571188,19.541984732824428
468,rubbish,70,105,0.0012308456964945514,12.213740458015268
468,rubbish,100,32,0.0005358783984738183,5.583424209378408
468,rubbish,72,50,0.0006028631982830456,8.724100327153762
468,rubbish,95,22,0.0003499955790032126,3.8386041439476553
468,rubbish,82,47,0.0006453985461619049,8.200654307524536
469,rubbish,67,82,0.0009200362253797368,11.690294438386042
469,rubbish,80,92,0.001232520316489782,13.95856052344602
469,rubbish,65,30,0.00032655089906998306,5.2344601962922575
469,rubbish,25,37,0.00015490234955883812,4.362050163576881
469,rubbish,62,45,0.0004672189786693603,7.851690294438386
470,rubbish,50,60,0.0005023859985692047,8.724100327153762
470,rubbish,40,47,0.0003148285591033683,6.97928026172301
471,rubbish,67,107,0.0012005350745808762,11.690294438386042
471,rubbish,77,75,0.000967093047245719,13.086150490730644
471,rubbish,72,52,0.0006269777262143674,9.073064340239913
471,rubbish,85,55,0.0007828848477703439,9.59651035986914
471,rubbish,301,180,0.009073091134159836,31.406761177753545
471,rubbish,274,133,0.006102650186619652,23.206106870229007
471,rubbish,238,100,0.003985595588649023,17.448200654307524
471,rubbish,140,138,0.003235365830785678,24.078516902944383
471,rubbish,263,185,0.008147863586794885,32.279171210468924
472,rubbish,50,107,0.000895921697448415,8.724100327153762
473,rubbish,191,173,0.005533446850240743,30.185387131952016
473,rubbish,90,110,0.0016578737952783755,15.703380588876772
473,rubbish,85,110,0.0015657696955406878,14.830970556161397
473,rubbish,32,57,0.00030545068713007644,5.583424209378408
474,rubbish,90,153,0.0023059517334326493,15.703380588876772
474,rubbish,87,55,0.0008013056677178814,9.59651035986914
474,rubbish,62,37,0.0003841578269059185,6.455834242093784
475,rubbish,98,135,0.0022155222536901927,17.099236641221374
475,rubbish,62,55,0.0005710454183736626,9.59651035986914
476,rubbish,95,65,0.0010340778470549464,11.34133042529989
476,rubbish,77,143,0.0018439240767485043,13.435114503816793
476,rubbish,103,52,0.0008969264694455534,9.073064340239913
476,rubbish,87,45,0.0006556137281328121,7.851690294438386
476,rubbish,100,37,0.0006196093982353525,6.455834242093784
476,rubbish,75,77,0.000967093047245719,13.086150490730644
476,rubbish,75,55,0.0006907807480326564,9.59651035986914
477,rubbish,82,130,0.0017851449149159074,14.30752453653217
477,rubbish,60,55,0.0005526245984261251,9.59651035986914
477,rubbish,55,90,0.0008289368976391878,9.59651035986914
478,rubbish,50,80,0.0006698479980922729,8.724100327153762
478,rubbish,105,95,0.0016704334452426056,16.575790621592148
479,rubbish,45,75,0.0005651842483903553,7.851690294438386
480,rubbish,113,153,0.0028952505097543267,19.7164667393675
480,rubbish,42,45,0.00031650317909859895,7.32824427480916
480,rubbish,62,25,0.00025956609926075573,4.362050163576881
480,rubbish,42,35,0.0002461691392989103,6.106870229007634
481,rubbish,90,65,0.0009796526972099492,11.34133042529989
481,rubbish,72,40,0.00048229055862643647,6.97928026172301
482,rubbish,80,72,0.0009645811172528729,12.562704471101418
482,rubbish,37,30,0.00018588281947060572,5.2344601962922575
482,rubbish,45,107,0.0008063295277035735,7.851690294438386
482,rubbish,42,60,0.00042200423879813195,7.32824427480916
482,rubbish,72,77,0.0009284093253558903,12.562704471101418
482,rubbish,62,47,0.00048798426661022083,8.200654307524536
483,rubbish,47,77,0.0006060449762739839,8.200654307524536
483,rubbish,70,80,0.0009377871973291821,12.213740458015268
483,rubbish,85,52,0.0007401820378919615,9.073064340239913
484,rubbish,50,110,0.0009210409973768752,8.724100327153762
484,rubbish,191,52,0.0016632325792631136,9.073064340239913
484,rubbish,70,110,0.0012894573963276254,12.213740458015268
484,rubbish,90,72,0.001085153756909482,12.562704471101418
484,rubbish,93,32,0.000498366910580651,5.583424209378408
484,rubbish,85,50,0.00071171349797304,8.724100327153762
484,rubbish,98,45,0.0007385074178967309,7.851690294438386
484,rubbish,103,35,0.0006037005082806609,6.106870229007634
484,rubbish,77,60,0.0007736744377965752,10.468920392584515
484,rubbish,90,25,0.0003767894989269035,4.362050163576881
485,rubbish,110,75,0.0013815614960653129,13.086150490730644
485,rubbish,35,42,0.0002461691392989103,6.106870229007634
486,rubbish,95,72,0.0011454400767377867,12.562704471101418
486,rubbish,105,120,0.0021100211939906596,18.3206106870229
486,rubbish,82,50,0.0006865941980445798,8.724100327153762
487,rubbish,72,102,0.0012298409244974131,12.562704471101418
487,rubbish,57,50,0.00047726669864074444,8.724100327153762
487,rubbish,115,70,0.0013480690961606991,12.213740458015268
487,rubbish,80,50,0.0006698479980922729,8.724100327153762
488,rubbish,40,95,0.0006363555981876593,6.97928026172301
488,rubbish,62,102,0.0010590296849838834,10.817884405670664
488,rubbish,40,37,0.000247843759294141,6.455834242093784
488,rubbish,60,40,0.0004019087988553637,6.97928026172301
488,rubbish,95,45,0.0007159000479611166,7.851690294438386
488,rubbish,30,35,0.00017583509949922163,5.2344601962922575
489,rubbish,45,125,0.0009419737473172588,7.851690294438386
489,rubbish,55,90,0.0008289368976391878,9.59651035986914
489,rubbish,70,75,0.0008791754974961082,12.213740458015268
490,rubbish,93,75,0.001168047446673401,13.086150490730644
490,rubbish,108,112,0.002025620346231033,18.844056706652125
490,rubbish,60,57,0.0005727200383688933,9.945474372955289
490,rubbish,87,70,0.0010198435770954854,12.213740458015268
491,rubbish,100,77,0.0012894573963276254,13.435114503816793
491,rubbish,62,27,0.0002803313872016162,4.711014176663031
492,rubbish,93,145,0.002258225063568575,16.226826608506
492,rubbish,60,60,0.0006028631982830456,10.468920392584515
492,rubbish,118,77,0.001521559727666598,13.435114503816793
492,rubbish,80,65,0.0008708023975199547,11.34133042529989
493,rubbish,130,163,0.0035485197698938158,22.68266085059978
493,rubbish,65,32,0.0003483209590079819,5.583424209378408
494,rubbish,133,85,0.0018931579046082862,14.830970556161397
494,rubbish,87,35,0.0005099217885477427,6.106870229007634
495,rubbish,108,155,0.002803313872016162,18.844056706652125
495,rubbish,108,67,0.0012117550285489216,11.690294438386042
496,rubbish,113,115,0.0021761686838022718,19.7164667393675
496,rubbish,115,82,0.0015791666555025334,14.30752453653217
496,rubbish,85,42,0.0005978393382973535,7.32824427480916
497,rubbish,108,52,0.0009404665893215511,9.073064340239913
497,rubbish,45,62,0.0004672189786693603,7.851690294438386
497,rubbish,118,72,0.0014227571479479876,12.562704471101418
497,rubbish,148,110,0.0027262813522355507,19.19302071973828
498,rubbish,86,244,0.0025298996913580246,14.333333333333334
499,rubbish,148,151,0.0026943479938271605,24.666666666666668
499,rubbish,137,156,0.002576678240740741,22.833333333333332
499,rubbish,100,159,0.0019169560185185186,16.666666666666668
500,rubbish,172,135,0.0027994791666666667,22.5
500,rubbish,76,84,0.0007696759259259259,12.666666666666666
500,rubbish,66,37,0.00029441550925925924,6.166666666666667
500,rubbish,129,60,0.0009331597222222223,10.0
500,rubbish,95,42,0.0004810474537037037,7.0
500,rubbish,87,79,0.0008286313657407408,13.166666666666666
501,rubbish,60,66,0.00047743055555555554,10.0
501,rubbish,84,55,0.0005570023148148149,9.166666666666666
501,rubbish,55,37,0.00024534625771604937,6.166666666666667
501,rubbish,42,66,0.00033420138888888887,7.0
501,rubbish,121,106,0.0015463445216049383,17.666666666666668
501,rubbish,63,45,0.000341796875,7.5
502,rubbish,66,47,0.0003739872685185185,7.833333333333333
502,rubbish,151,113,0.0020571711033950616,18.833333333333332
502,rubbish,66,68,0.0005410879629629629,11.0
502,rubbish,90,63,0.00068359375,10.5
502,rubbish,45,74,0.00040147569444444443,7.5
502,rubbish,84,63,0.0006380208333333333,10.5
503,rubbish,119,106,0.0015207851080246914,17.666666666666668
503,rubbish,68,79,0.0006476658950617284,11.333333333333334
503,rubbish,63,47,0.00035698784722222224,7.833333333333333
503,rubbish,129,164,0.002550636574074074,21.5
503,rubbish,119,42,0.0006025752314814815,7.0
503,rubbish,111,45,0.0006022135416666667,7.5
504,rubbish,29,29,0.00010139371141975309,4.833333333333333
504,rubbish,87,225,0.0023600260416666665,14.5
504,rubbish,74,55,0.0004906925154320987,9.166666666666666
504,rubbish,90,79,0.0008572048611111111,13.166666666666666
504,rubbish,249,219,0.006574435763888889,36.5
505,rubbish,143,182,0.0031377797067901237,23.833333333333332
505,rubbish,106,188,0.0024025848765432097,17.666666666666668
505,rubbish,177,159,0.0033930121527777778,26.5
506,rubbish,87,92,0.0009649884259259259,14.5
506,rubbish,129,135,0.002099609375,21.5
506,rubbish,135,100,0.0016276041666666667,16.666666666666668
506,rubbish,108,127,0.0016536458333333334,18.0
506,rubbish,82,140,0.0013840663580246913,13.666666666666666
507,rubbish,45,121,0.0006564670138888889,7.5
507,rubbish,74,66,0.0005888310185185185,11.0
507,rubbish,90,68,0.0007378472222222222,11.333333333333334
507,rubbish,55,79,0.0005238474151234568,9.166666666666666
508,rubbish,135,87,0.001416015625,14.5
509,rubbish,47,148,0.0008386381172839506,7.833333333333333
509,rubbish,68,37,0.0003033371913580247,6.166666666666667
509,rubbish,113,50,0.0006811824845679012,8.333333333333334
509,rubbish,108,84,0.00109375,14.0
510,rubbish,66,66,0.0005251736111111111,11.0
510,rubbish,74,55,0.0004906925154320987,9.166666666666666
510,rubbish,42,103,0.0005215567129629629,7.0
510,rubbish,45,76,0.0004123263888888889,7.5
510,rubbish,60,79,0.0005714699074074074,10.0
511,rubbish,119,127,0.001822072723765432,19.833333333333332
511,rubbish,103,106,0.0013163097993827162,17.166666666666668
512,rubbish,159,76,0.001456886574074074,12.666666666666666
512,rubbish,373,352,0.015829475308641976,58.666666666666664
513,rubbish,98,82,0.0009688464506172839,13.666666666666666
513,rubbish,82,53,0.0005239679783950618,8.833333333333334
513,rubbish,124,103,0.0015398341049382715,17.166666666666668
513,rubbish,95,238,0.0027259355709876544,15.833333333333334
514,rubbish,357,304,0.01308449074074074,50.666666666666664
515,rubbish,92,71,0.0007875192901234568,11.833333333333334
515,rubbish,225,190,0.005154079861111111,31.666666666666668
515,rubbish,84,74,0.0007494212962962963,12.333333333333334
515,rubbish,68,50,0.0004099151234567901,8.333333333333334
515,rubbish,66,39,0.0003103298611111111,6.5
516,rubbish,50,60,0.0003616898148148148,8.333333333333334
516,rubbish,87,47,0.0004929832175925926,7.833333333333333
516,rubbish,47,18,0.00010199652777777778,3.0
516,rubbish,74,71,0.0006334394290123457,11.833333333333334
516,rubbish,106,58,0.0007412229938271605,9.666666666666666
516,rubbish,98,148,0.0017486496913580248,16.333333333333332
516,rubbish,55,47,0.00031165605709876544,7.833333333333333
516,rubbish,90,50,0.0005425347222222222,8.333333333333334
516,rubbish,71,68,0.0005820794753086419,11.333333333333334
516,rubbish,71,68,0.0005820794753086419,11.333333333333334
517,rubbish,60,92,0.0006655092592592592,10.0
517,rubbish,108,98,0.0012760416666666666,16.333333333333332
517,rubbish,82,47,0.0004646508487654321,7.833333333333333
517,rubbish,50,31,0.0001868730709876543,5.166666666666667
517,rubbish,53,60,0.0003833912037037037,8.833333333333334
517,rubbish,34,58,0.00023775077160493826,5.666666666666667
518,rubbish,92,82,0.0009095293209876543,13.666666666666666
518,rubbish,23,50,0.000138647762345679,3.8333333333333335
518,rubbish,53,45,0.0002875434027777778,7.5
518,rubbish,87,55,0.0005768952546296297,9.166666666666666
518,rubbish,119,161,0.0023098717206790124,19.833333333333332
518,rubbish,111,47,0.0006289785879629629,7.833333333333333
518,rubbish,103,44,0.0005463927469135803,7.333333333333333
519,rubbish,90,45,0.00048828125,7.5
519,rubbish,60,58,0.0004195601851851852,9.666666666666666
519,rubbish,60,45,0.0003255208333333333,7.5
519,rubbish,124,50,0.0007474922839506172,8.333333333333334
519,rubbish,106,53,0.0006773244598765432,8.833333333333334
520,rubbish,98,47,0.0005553144290123457,7.833333333333333
520,rubbish,58,60,0.0004195601851851852,9.666666666666666
521,rubbish,87,55,0.0005768952546296297,9.166666666666666
521,rubbish,68,42,0.0003443287037037037,7.0
521,rubbish,50,98,0.0005907600308641976,8.333333333333334
521,rubbish,53,74,0.0004728491512345679,8.833333333333334
521,rubbish,47,76,0.0004306520061728395,7.833333333333333
521,rubbish,68,74,0.0006066743827160494,11.333333333333334
522,rubbish,145,159,0.0027795862268518517,24.166666666666668
522,rubbish,137,151,0.002494092399691358,22.833333333333332
523,rubbish,37,37,0.0001650511188271605,6.166666666666667
523,rubbish,39,31,0.00014576099537037037,5.166666666666667
523,rubbish,63,29,0.00022026909722222223,4.833333333333333
523,rubbish,103,47,0.0005836467978395062,7.833333333333333
523,rubbish,50,47,0.00028332368827160495,7.833333333333333
523,rubbish,63,50,0.00037977430555555556,8.333333333333334
523,rubbish,47,39,0.00022099247685185186,6.5
523,rubbish,60,55,0.0003978587962962963,9.166666666666666
523,rubbish,50,34,0.00020495756172839505,5.666666666666667
523,rubbish,39,50,0.00023509837962962962,6.5
523,rubbish,47,42,0.00023799189814814814,7.0
523,rubbish,26,31,9.717399691358025e-05,4.333333333333333
524,rubbish,132,106,0.0016869212962962964,17.666666666666668
524,rubbish,111,148,0.001980613425925926,18.5
524,rubbish,87,153,0.0016048177083333333,14.5
525,rubbish,204,151,0.0037138310185185187,25.166666666666668
525,rubbish,39,87,0.00040907118055555553,6.5
526,rubbish,84,84,0.0008506944444444444,14.0
526,rubbish,68,60,0.0004918981481481481,10.0
526,rubbish,74,39,0.00034794560185185183,6.5
526,rubbish,53,63,0.0004025607638888889,8.833333333333334
526,rubbish,42,68,0.0003443287037037037,7.0
527,rubbish,95,63,0.0007215711805555556,10.5
527,rubbish,71,63,0.0005392795138888888,10.5
527,rubbish,68,76,0.0006230709876543209,11.333333333333334
527,rubbish,53,60,0.0003833912037037037,8.833333333333334
527,rubbish,45,84,0.0004557291666666667,7.5
528,rubbish,124,408,0.006099537037037037,20.666666666666668
529,rubbish,60,53,0.0003833912037037037,8.833333333333334
529,rubbish,111,45,0.0006022135416666667,7.5
529,rubbish,55,39,0.0002586082175925926,6.5
529,rubbish,95,82,0.0009391878858024691,13.666666666666666
529,rubbish,106,164,0.002095871913580247,17.666666666666668
529,rubbish,66,79,0.0006286168981481481,11.0
529,rubbish,79,68,0.0006476658950617284,11.333333333333334
529,rubbish,90,58,0.0006293402777777778,9.666666666666666
530,rubbish,71,84,0.0007190393518518519,11.833333333333334
530,rubbish,63,50,0.00037977430555555556,8.333333333333334
530,rubbish,68,71,0.0005820794753086419,11.333333333333334
530,rubbish,84,63,0.0006380208333333333,10.5
530,rubbish,60,82,0.0005931712962962963,10.0
531,rubbish,103,135,0.0016764322916666666,17.166666666666668
531,rubbish,111,148,0.001980613425925926,18.5
531,rubbish,153,119,0.002195095486111111,19.833333333333332
532,rubbish,76,90,0.0008246527777777778,12.666666666666666
532,rubbish,63,47,0.00035698784722222224,7.833333333333333
532,rubbish,156,143,0.002689525462962963,23.833333333333332
532,rubbish,90,63,0.00068359375,10.5
532,rubbish,113,71,0.0009672791280864198,11.833333333333334
532,rubbish,53,90,0.0005750868055555556,8.833333333333334
533,rubbish,50,45,0.0002712673611111111,7.5
533,rubbish,121,47,0.000685643325617284,7.833333333333333
533,rubbish,39,37,0.00017397280092592592,6.166666666666667
533,rubbish,39,37,0.00017397280092592592,6.166666666666667
533,rubbish,58,37,0.00025872878086419753,6.166666666666667
533,rubbish,66,47,0.0003739872685185185,7.833333333333333
533,rubbish,87,68,0.0007132523148148148,11.333333333333334
533,rubbish,42,53,0.00026837384259259257,7.0
533,rubbish,71,60,0.000513599537037037,10.0
533,rubbish,29,53,0.00018530574845679012,4.833333333333333
533,rubbish,60,74,0.0005353009259259259,10.0
534,rubbish,184,86,0.0026499186804530314,15.005452562704471
535,rubbish,129,91,0.001965836412401298,15.877862595419847
535,rubbish,43,73,0.0005256632165029112,7.502726281352236
535,rubbish,55,106,0.0009763034572194877,9.59651035986914
535,rubbish,20,70,0.00023444679933229553,3.489640130861505
535,rubbish,63,43,0.00045365455670799183,7.502726281352236
536,rubbish,65,177,0.0019266503045129,11.34133042529989
536,rubbish,55,91,0.0008381473076129565,9.59651035986914
536,rubbish,55,40,0.0003684163989507501,6.97928026172301
536,rubbish,83,83,0.001153645714714417,14.482006543075245
536,rubbish,53,73,0.000647910476154751,9.247546346782988
536,rubbish,108,43,0.0007776935257851289,7.502726281352236
536,rubbish,78,45,0.0005877916183259695,7.851690294438386
537,rubbish,58,136,0.0013209402522379621,10.119956379498364
537,rubbish,93,78,0.0012147693445403369,13.60959651035987
538,rubbish,106,65,0.00115381317671394,11.34133042529989
539,rubbish,106,40,0.0007100388779778092,6.97928026172301
539,rubbish,70,37,0.0004337265787647467,6.455834242093784
539,rubbish,55,65,0.000598676648294969,9.59651035986914
539,rubbish,83,179,0.0024879829269142248,14.482006543075245
539,rubbish,63,40,0.00042200423879813195,6.97928026172301
539,rubbish,45,78,0.0005877916183259695,7.851690294438386
540,rubbish,88,101,0.0014884022517610304,15.354416575790621
540,rubbish,124,129,0.0026787221443709992,21.63576881134133
540,rubbish,184,113,0.0034818698940836347,19.7164667393675
541,rubbish,63,83,0.0008756587955061237,10.992366412213741
541,rubbish,48,73,0.0005867868463288311,8.375136314067612
541,rubbish,108,162,0.0029299151436556017,18.844056706652125
542,rubbish,108,68,0.0012298409244974131,11.864776444929117
543,rubbish,65,70,0.0007619520978299604,11.34133042529989
543,rubbish,136,42,0.0009565429412757657,7.32824427480916
544,rubbish,86,86,0.0012385489484726126,15.005452562704471
544,rubbish,230,225,0.008666158475318781,39.25845147219193
544,rubbish,108,101,0.0018266754907976283,17.6226826608506
544,rubbish,101,78,0.0013192656322427315,13.60959651035987
545,rubbish,121,68,0.0013778773320758054,11.864776444929117
545,rubbish,50,86,0.0007200865979491934,8.724100327153762
545,rubbish,81,108,0.0014649575718278008,14.133042529989094
546,rubbish,101,103,0.0017421071810384788,17.6226826608506
546,rubbish,101,63,0.001065560702965283,10.992366412213741
546,rubbish,58,192,0.0018648568266888877,10.119956379498364
546,rubbish,43,83,0.0005976718762978304,7.502726281352236
546,rubbish,48,93,0.0007475503658709766,8.375136314067612
546,rubbish,70,37,0.0004337265787647467,6.455834242093784
546,rubbish,70,48,0.0005626723183975093,8.375136314067612
546,rubbish,55,78,0.0007184119779539627,9.59651035986914
546,rubbish,101,45,0.0007611147878323451,7.851690294438386
547,rubbish,60,68,0.0006832449580541184,10.468920392584515
547,rubbish,177,118,0.003497611322038803,20.58887677208288
548,rubbish,144,63,0.001519215259673275,10.992366412213741
548,rubbish,60,32,0.000321527039084291,5.583424209378408
548,rubbish,83,63,0.0008756587955061237,10.992366412213741
549,rubbish,48,53,0.0004260233267866856,8.375136314067612
549,rubbish,91,73,0.0011124500628317423,12.737186477644492
549,rubbish,60,81,0.0008138653176821116,10.468920392584515
549,rubbish,40,98,0.0006564510381304275,6.97928026172301
550,rubbish,58,146,0.0014180682119613417,10.119956379498364
550,rubbish,96,101,0.0016237115473756694,16.750272628135225
551,rubbish,98,101,0.0016575388712793294,17.099236641221374
551,rubbish,121,68,0.0013778773320758054,11.864776444929117
552,rubbish,129,63,0.0013609636701239754,10.992366412213741
552,rubbish,146,121,0.002958383683574523,21.112322791712106
552,rubbish,65,85,0.0009252275473649519,11.34133042529989
553,rubbish,108,139,0.0025139395368403003,18.844056706652125
553,rubbish,134,131,0.0029396279396279395,22.857142857142858
553,rubbish,177,121,0.003586533643785552,21.112322791712106
554,rubbish,73,129,0.0015769896495087335,12.737186477644492
554,rubbish,68,63,0.0007174072059568243,10.992366412213741
555,rubbish,40,106,0.0007100388779778092,6.97928026172301
555,rubbish,53,78,0.0006922879060283641,9.247546346782988
555,rubbish,68,68,0.0007743442857946675,11.864776444929117
555,rubbish,65,45,0.0004898263486049746,7.851690294438386
555,rubbish,43,53,0.00038164589691307247,7.502726281352236
555,rubbish,55,50,0.0004605204986884376,8.724100327153762
555,rubbish,35,50,0.00029305849916536937,6.106870229007634
556,rubbish,96,106,0.0017040933071467423,16.750272628135225
557,rubbish,217,200,0.007267850779301161,34.89640130861505
557,rubbish,134,131,0.0029396279396279395,22.857142857142858
557,rubbish,103,65,0.0011211580868069418,11.34133042529989
557,rubbish,83,91,0.0012648404823977343,14.482006543075245
558,rubbish,106,93,0.0016508403912984066,16.226826608506
558,rubbish,225,240,0.009042947974245685,39.25845147219193
559,rubbish,86,81,0.0011665402886776933,14.133042529989094
560,rubbish,113,40,0.0007569282378442684,6.97928026172301
560,rubbish,75,45,0.0005651842483903553,7.851690294438386
560,rubbish,63,200,0.0021100211939906596,10.992366412213741
560,rubbish,70,37,0.0004337265787647467,6.455834242093784
560,rubbish,58,70,0.000679895718063657,10.119956379498364
560,rubbish,98,75,0.0012308456964945514,13.086150490730644
560,rubbish,63,63,0.0006646566761070578,10.992366412213741
561,rubbish,43,37,0.0002664320412412015,6.455834242093784
561,rubbish,58,63,0.0006119061462572913,10.119956379498364
561,rubbish,53,40,0.0003550194389889046,6.97928026172301
562,rubbish,43,96,0.0006912831340312257,7.502726281352236
562,rubbish,70,81,0.0009495095372957968,12.213740458015268
563,rubbish,154,83,0.002140499277903858,14.482006543075245
563,rubbish,101,126,0.002131121405930566,17.6226826608506
564,rubbish,296,187,0.009269356597600873,32.62813522355507
564,rubbish,83,108,0.0015011293637247835,14.482006543075245
564,rubbish,106,108,0.0019171049705400851,18.495092693565976
564,rubbish,118,78,0.00154132024361032,13.60959651035987
565,rubbish,96,118,0.0018970095305973168,16.750272628135225
566,rubbish,86,58,0.0008353004536210643,10.119956379498364
566,rubbish,86,184,0.0026499186804530314,15.005452562704471
566,rubbish,68,68,0.0007743442857946675,11.864776444929117
566,rubbish,103,58,0.0010004179851508096,10.119956379498364
567,rubbish,93,182,0.0028344618039274527,16.226826608506
567,rubbish,93,70,0.0010901776168951742,12.213740458015268
567,rubbish,73,60,0.0007334835579110388,10.468920392584515
567,rubbish,73,45,0.0005501126684332792,7.851690294438386
567,rubbish,55,60,0.0005526245984261251,9.59651035986914
568,rubbish,154,135,0.002506510416666667,22.5
568,rubbish,73,81,0.000712890625,12.166666666666666
569,rubbish,108,154,0.0020052083333333332,18.0
569,rubbish,176,108,0.0022916666666666667,18.0
569,rubbish,81,84,0.0008203125,13.5
569,rubbish,84,92,0.000931712962962963,14.0
569,rubbish,84,78,0.0007899305555555555,13.0
570,rubbish,31,87,0.0003251591435185185,5.166666666666667
570,rubbish,15,15,2.712673611111111e-05,2.5
570,rubbish,34,26,0.00010657793209876543,4.333333333333333
570,rubbish,63,87,0.0006608072916666666,10.5
570,rubbish,50,39,0.00023509837962962962,6.5
570,rubbish,60,79,0.0005714699074074074,10.0
570,rubbish,15,15,2.712673611111111e-05,2.5
570,rubbish,89,68,0.0007296489197530865,11.333333333333334
570,rubbish,18,18,3.90625e-05,3.0
570,rubbish,15,29,5.244502314814815e-05,2.5
570,rubbish,39,42,0.0001974826388888889,6.5
570,rubbish,39,50,0.00023509837962962962,6.5
571,rubbish,116,59,0.0008251350308641975,9.833333333333334
571,rubbish,141,195,0.0033148871527777777,23.5
571,rubbish,165,84,0.0016710069444444444,14.0
571,rubbish,67,114,0.0009208622685185186,11.166666666666666
571,rubbish,154,100,0.0018566743827160494,16.666666666666668
572,rubbish,78,76,0.0007146990740740741,12.666666666666666
572,rubbish,95,78,0.0008933738425925926,13.0
572,rubbish,78,98,0.0009215856481481482,13.0
572,rubbish,122,149,0.002191599151234568,20.333333333333332
573,rubbish,81,92,0.0008984375,13.5
573,rubbish,78,86,0.000808738425925926,13.0
573,rubbish,114,100,0.0013744212962962963,16.666666666666668
574,rubbish,92,86,0.0009538966049382717,14.333333333333334
575,rubbish,36,81,0.0003515625,6.0
575,rubbish,39,55,0.0002586082175925926,6.5
575,rubbish,34,58,0.00023775077160493826,5.666666666666667
575,rubbish,63,52,0.0003949652777777778,8.666666666666666
575,rubbish,26,18,5.642361111111111e-05,3.0
575,rubbish,10,13,1.5673225308641976e-05,1.6666666666666667
575,rubbish,44,36,0.00019097222222222223,6.0
575,rubbish,47,55,0.00031165605709876544,7.833333333333333
575,rubbish,63,84,0.0006380208333333333,10.5
575,rubbish,42,39,0.0001974826388888889,6.5
575,rubbish,18,15,3.255208333333333e-05,2.5
575,rubbish,71,44,0.0003766396604938272,7.333333333333333
575,rubbish,92,68,0.0007542438271604938,11.333333333333334
575,rubbish,63,52,0.0003949652777777778,8.666666666666666
575,rubbish,23,18,4.991319444444445e-05,3.0
575,rubbish,23,29,8.041570216049383e-05,3.8333333333333335
575,rubbish,18,18,3.90625e-05,3.0
576,rubbish,84,114,0.001154513888888889,14.0
576,rubbish,171,86,0.0017730034722222223,14.333333333333334
577,rubbish,84,84,0.0008506944444444444,14.0
577,rubbish,157,133,0.002517481674382716,22.166666666666668
577,rubbish,100,54,0.0006510416666666666,9.0
577,rubbish,130,141,0.0022099247685185186,21.666666666666668
577,rubbish,163,173,0.0033997636959876543,27.166666666666668
578,rubbish,95,114,0.0013057002314814815,15.833333333333334
578,rubbish,103,163,0.0020241367669753085,17.166666666666668
578,rubbish,192,182,0.004212962962962963,30.333333333333332
578,rubbish,157,84,0.001589988425925926,14.0
579,rubbish,59,98,0.000697096836419753,9.833333333333334
579,rubbish,67,59,0.00047658661265432097,9.833333333333334
579,rubbish,67,57,0.0004604311342592593,9.5
579,rubbish,119,106,0.0015207851080246914,17.666666666666668
579,rubbish,179,168,0.0036255787037037038,28.0
579,rubbish,67,51,0.0004119646990740741,8.5
579,rubbish,62,49,0.0003662712191358025,8.166666666666666
579,rubbish,75,72,0.0006510416666666666,12.0
579,rubbish,197,194,0.004607687114197531,32.333333333333336
580,rubbish,80,122,0.0011766975308641976,13.333333333333334
581,rubbish,84,103,0.0010431134259259258,14.0
581,rubbish,171,187,0.003855251736111111,28.5
581,rubbish,89,86,0.0009227912808641975,14.333333333333334
581,rubbish,152,84,0.0015393518518518519,14.0
581,rubbish,122,146,0.0021474729938271604,20.333333333333332
582,rubbish,152,100,0.0018325617283950616,16.666666666666668
582,rubbish,160,87,0.0016782407407407408,14.5
582,rubbish,84,114,0.001154513888888889,14.0
583,rubbish,42,18,9.114583333333334e-05,3.0
583,rubbish,60,79,0.0005714699074074074,10.0
583,rubbish,34,18,7.378472222222222e-05,3.0
583,rubbish,13,10,1.5673225308641976e-05,1.6666666666666667
583,rubbish,50,39,0.00023509837962962962,6.5
583,rubbish,92,63,0.0006987847222222222,10.5
583,rubbish,37,45,0.00020073784722222221,6.166666666666667
583,rubbish,42,39,0.0001974826388888889,6.5
583,rubbish,18,18,3.90625e-05,3.0
583,rubbish,21,15,3.7977430555555556e-05,2.5
583,rubbish,18,15,3.255208333333333e-05,2.5
583,rubbish,21,23,5.8232060185185185e-05,3.5
584,rubbish,87,71,0.0007447193287037037,11.833333333333334
584,rubbish,47,34,0.00019266010802469137,5.666666666666667
584,rubbish,42,45,0.00022786458333333334,7.0
584,rubbish,18,21,4.557291666666667e-05,3.0
584,rubbish,53,42,0.00026837384259259257,7.0
585,rubbish,97,157,0.001836058063271605,16.166666666666668
585,rubbish,187,187,0.004215977044753087,31.166666666666668
585,rubbish,70,111,0.0009367766203703704,11.666666666666666
585,rubbish,160,94,0.0018132716049382715,15.666666666666666
585,rubbish,89,89,0.000954981674382716,14.833333333333334
585,rubbish,108,146,0.0019010416666666668,18.0
585,rubbish,32,29,0.00011188271604938272,4.833333333333333
586,rubbish,67,38,0.00030695408950617283,6.333333333333333
586,rubbish,46,24,0.00013310185185185186,4.0
586,rubbish,62,76,0.0005680941358024691,10.333333333333334
586,rubbish,111,59,0.0007895688657407407,9.833333333333334
586,rubbish,97,51,0.0005964265046296296,8.5
586,rubbish,95,119,0.0013629677854938272,15.833333333333334
586,rubbish,108,78,0.001015625,13.0
587,rubbish,62,106,0.0007923418209876543,10.333333333333334
587,rubbish,59,46,0.00032720871913580245,7.666666666666667
587,rubbish,70,72,0.0006076388888888889,11.666666666666666
587,rubbish,64,67,0.0005169753086419753,10.666666666666666
587,rubbish,218,189,0.004967447916666667,31.5
587,rubbish,64,54,0.0004166666666666667,9.0
588,rubbish,76,84,0.0007696759259259259,12.666666666666666
588,rubbish,154,138,0.002562210648148148,23.0
588,rubbish,111,54,0.00072265625,9.0
588,rubbish,165,173,0.003441478587962963,27.5
588,rubbish,146,100,0.0017602237654320988,16.666666666666668
588,rubbish,130,135,0.0021158854166666665,21.666666666666668
589,rubbish,68,42,0.0003443287037037037,7.0
589,rubbish,171,158,0.0032573784722222223,26.333333333333332
589,rubbish,52,102,0.0006394675925925926,8.666666666666666
589,rubbish,110,105,0.001392505787037037,17.5
589,rubbish,60,58,0.0004195601851851852,9.666666666666666
589,rubbish,50,76,0.0004581404320987654,8.333333333333334
589,rubbish,95,71,0.0008131992669753086,11.833333333333334
589,rubbish,44,36,0.00019097222222222223,6.0
589,rubbish,68,42,0.0003443287037037037,7.0
589,rubbish,63,55,0.0004177517361111111,9.166666666666666
589,rubbish,79,60,0.0005714699074074074,10.0
589,rubbish,36,66,0.00028645833333333333,6.0
589,rubbish,60,81,0.0005859375,10.0
589,rubbish,55,55,0.00036470389660493826,9.166666666666666
589,rubbish,74,45,0.00040147569444444443,7.5
589,rubbish,31,55,0.00020556037808641976,5.166666666666667
589,rubbish,66,18,0.00014322916666666667,3.0
590,rubbish,86,119,0.0012338445216049383,14.333333333333334
590,rubbish,105,163,0.0020634403935185187,17.5
590,rubbish,187,176,0.003967978395061729,29.333333333333332
590,rubbish,29,24,8.391203703703703e-05,4.0
591,rubbish,47,39,0.00022099247685185186,6.5
591,rubbish,44,44,0.00023341049382716048,7.333333333333333
591,rubbish,92,71,0.0007875192901234568,11.833333333333334
591,rubbish,105,100,0.0012659143518518518,16.666666666666668
591,rubbish,47,42,0.00023799189814814814,7.0
591,rubbish,21,18,4.557291666666667e-05,3.0
592,rubbish,67,59,0.00047658661265432097,9.833333333333334
592,rubbish,122,103,0.0015149980709876544,17.166666666666668
592,rubbish,64,101,0.000779320987654321,10.666666666666666
592,rubbish,64,51,0.0003935185185185185,8.5
592,rubbish,64,57,0.0004398148148148148,9.5
592,rubbish,67,83,0.0006704523533950617,11.166666666666666
592,rubbish,62,49,0.0003662712191358025,8.166666666666666
592,rubbish,176,158,0.0033526234567901234,26.333333333333332
593,rubbish,70,59,0.000497926311728395,9.833333333333334
593,rubbish,207,194,0.004841579861111111,32.333333333333336
594,rubbish,52,39,0.0002445023148148148,6.5
594,rubbish,92,68,0.0007542438271604938,11.333333333333334
594,rubbish,31,36,0.0001345486111111111,5.166666666666667
594,rubbish,39,60,0.00028211805555555553,6.5
594,rubbish,21,21,5.3168402777777775e-05,3.5
594,rubbish,18,15,3.255208333333333e-05,2.5
594,rubbish,34,26,0.00010657793209876543,4.333333333333333
594,rubbish,50,60,0.0003616898148148148,8.333333333333334
594,rubbish,58,87,0.0006083622685185185,9.666666666666666
594,rubbish,50,52,0.0003134645061728395,8.333333333333334
594,rubbish,39,47,0.00022099247685185186,6.5
594,rubbish,65,58,0.0004545235339506173,9.666666666666666
594,rubbish,60,50,0.0003616898148148148,8.333333333333334
594,rubbish,18,18,3.90625e-05,3.0
594,rubbish,71,63,0.0005392795138888888,10.5
594,rubbish,21,31,7.848668981481481e-05,3.5
594,rubbish,31,39,0.00014576099537037037,5.166666666666667
594,rubbish,42,29,0.00014684606481481482,4.833333333333333
595,rubbish,86,56,0.0003905844492889027,8.83629191321499
595,rubbish,90,90,0.0006569215197757708,14.201183431952662
595,rubbish,76,56,0.00034516765285996055,8.83629191321499
595,rubbish,46,53,0.00019772526731028756,7.258382642998027
595,rubbish,83,76,0.0005115877712031558,11.992110453648916
595,rubbish,140,133,0.0015101084812623273,20.986193293885602
595,rubbish,119,93,0.0008975494394269698,14.674556213017752
595,rubbish,100,83,0.0006731418042146787,13.096646942800788
595,rubbish,60,80,0.0003892868265337901,9.467455621301776
595,rubbish,70,46,0.00026114657946641753,7.258382642998027
595,rubbish,53,53,0.00022781389494446174,8.362919132149901
595,rubbish,43,36,0.0001255450015571473,5.680473372781065
595,rubbish,36,50,0.00014598255995017129,5.680473372781065
595,rubbish,73,46,0.00027233857572926397,7.258382642998027
595,rubbish,76,50,0.0003081854043392505,7.889546351084813
595,rubbish,53,46,0.00019772526731028756,7.258382642998027
595,rubbish,46,40,0.00014922661683795286,6.31163708086785
595,rubbish,73,43,0.0002545773642686598,6.785009861932939
595,rubbish,46,43,0.00016041861310079933,6.785009861932939
595,rubbish,46,46,0.0001716106093636458,7.258382642998027
595,rubbish,43,43,0.00014995652963770373,6.785009861932939
595,rubbish,30,33,8.02904079725942e-05,4.733727810650888
595,rubbish,60,36,0.00017517907194020555,5.680473372781065
595,rubbish,33,40,0.00010705387729679228,5.207100591715976
595,rubbish,40,43,0.00013949444617460813,6.31163708086785
595,rubbish,43,36,0.0001255450015571473,5.680473372781065
596,rubbish,58,90,0.0006293402777777778,9.666666666666666
596,rubbish,45,39,0.00021158854166666667,6.5
596,rubbish,90,76,0.0008246527777777778,12.666666666666666
596,rubbish,103,60,0.0007450810185185185,10.0
596,rubbish,42,39,0.0001974826388888889,6.5
596,rubbish,87,55,0.0005768952546296297,9.166666666666666
596,rubbish,58,58,0.00040557484567901235,9.666666666666666
596,rubbish,34,23,9.428047839506172e-05,3.8333333333333335
596,rubbish,13,15,2.3509837962962963e-05,2.1666666666666665
596,rubbish,92,58,0.0006433256172839507,9.666666666666666
596,rubbish,37,37,0.0001650511188271605,6.166666666666667
596,rubbish,63,45,0.000341796875,7.5
596,rubbish,66,53,0.0004217303240740741,8.833333333333334
596,rubbish,66,61,0.0004853877314814815,10.166666666666666
596,rubbish,55,50,0.00033154899691358026,8.333333333333334
596,rubbish,39,42,0.0001974826388888889,6.5
597,rubbish,84,81,0.0008203125,13.5
598,rubbish,119,122,0.001750337577160494,19.833333333333332
598,rubbish,57,100,0.0006872106481481482,9.5
598,rubbish,76,38,0.0003481867283950617,6.333333333333333
598,rubbish,89,65,0.0006974585262345679,10.833333333333334
598,rubbish,57,67,0.0004604311342592593,9.5
598,rubbish,100,65,0.0007836612654320988,10.833333333333334
598,rubbish,95,76,0.0008704668209876543,12.666666666666666
598,rubbish,100,114,0.0013744212962962963,16.666666666666668
598,rubbish,70,46,0.00038821373456790123,7.666666666666667
598,rubbish,84,32,0.00032407407407407406,5.333333333333333
599,rubbish,29,42,0.00014684606481481482,4.833333333333333
599,rubbish,55,58,0.0003845968364197531,9.166666666666666
599,rubbish,44,55,0.0002917631172839506,7.333333333333333
599,rubbish,108,110,0.0014322916666666666,18.0
599,rubbish,68,103,0.0008444251543209876,11.333333333333334
599,rubbish,63,53,0.0004025607638888889,8.833333333333334
599,rubbish,84,84,0.0008506944444444444,14.0
599,rubbish,71,45,0.00038519965277777776,7.5
599,rubbish,63,58,0.00044053819444444446,9.666666666666666
599,rubbish,164,145,0.002866994598765432,24.166666666666668
599,rubbish,71,39,0.0003338396990740741,6.5
599,rubbish,74,55,0.0004906925154320987,9.166666666666666
600,rubbish,97,89,0.0010408227237654322,14.833333333333334
600,rubbish,119,108,0.0015494791666666667,18.0
600,rubbish,62,89,0.0006652681327160494,10.333333333333334
600,rubbish,43,67,0.00034734278549382715,7.166666666666667
600,rubbish,100,51,0.0006148726851851852,8.5
600,rubbish,95,62,0.0007101176697530865,10.333333333333334
600,rubbish,116,103,0.0014404899691358025,17.166666666666668
600,rubbish,48,48,0.0002777777777777778,8.0
600,rubbish,78,70,0.0006582754629629629,11.666666666666666
600,rubbish,62,46,0.00034384645061728397,7.666666666666667
600,rubbish,57,48,0.0003298611111111111,8.0
600,rubbish,86,78,0.000808738425925926,13.0
601,rubbish,93,85,0.0009530526620370371,14.166666666666666
601,rubbish,49,49,0.0002894724151234568,8.166666666666666
601,rubbish,93,44,0.0004933449074074074,7.333333333333333
601,rubbish,106,57,0.000728443287037037,9.5
601,rubbish,119,103,0.0014777440200617283,17.166666666666668
602,rubbish,70,108,0.0009114583333333333,11.666666666666666
602,rubbish,62,81,0.00060546875,10.333333333333334
602,rubbish,111,108,0.0014453125,18.0
602,rubbish,27,21,6.8359375e-05,3.5
602,rubbish,203,179,0.004380907600308642,29.833333333333332
603,rubbish,154,48,0.0008912037037037037,8.0
603,rubbish,81,100,0.0009765625,13.5
603,rubbish,78,73,0.0006864872685185186,12.166666666666666
603,rubbish,114,119,0.0016355613425925925,19.0
603,rubbish,73,78,0.0006864872685185186,12.166666666666666
604,rubbish,43,95,0.0004925009645061728,7.166666666666667
604,rubbish,57,70,0.0004810474537037037,9.5
604,rubbish,95,48,0.0005497685185185186,8.0
604,rubbish,103,57,0.0007078269675925926,9.5
605,rubbish,106,50,0.0004298375376310599,7.889546351084813
605,rubbish,60,53,0.0002579025225786359,8.362919132149901
605,rubbish,76,60,0.0003698224852071006,9.467455621301776
605,rubbish,56,33,0.0001498754282155092,5.207100591715976
605,rubbish,63,33,0.00016860985674244783,5.207100591715976
605,rubbish,60,53,0.0002579025225786359,8.362919132149901
605,rubbish,33,23,6.155597944565556e-05,3.6291913214990137
605,rubbish,50,36,0.00014598255995017129,5.680473372781065
605,rubbish,40,26,8.434547908232118e-05,4.102564102564102
605,rubbish,80,63,0.0004087511678604796,9.940828402366863
605,rubbish,90,50,0.00036495639987542823,7.889546351084813
605,rubbish,93,43,0.00032432458735596385,6.785009861932939
605,rubbish,36,26,7.591093117408907e-05,4.102564102564102
605,rubbish,33,30,8.02904079725942e-05,4.733727810650888
605,rubbish,43,50,0.00017436805771826015,6.785009861932939
605,rubbish,76,40,0.0002465483234714004,6.31163708086785
605,rubbish,80,40,0.0002595245510225267,6.31163708086785
605,rubbish,26,40,8.434547908232118e-05,4.102564102564102
605,rubbish,40,36,0.00011678604796013703,5.680473372781065
605,rubbish,46,43,0.00016041861310079933,6.785009861932939
605,rubbish,60,53,0.0002579025225786359,8.362919132149901
605,rubbish,50,40,0.0001622028443890792,6.31163708086785
605,rubbish,40,36,0.00011678604796013703,5.680473372781065
605,rubbish,63,33,0.00016860985674244783,5.207100591715976
605,rubbish,83,50,0.00033657090210733936,7.889546351084813
605,rubbish,60,20,9.732170663344753e-05,3.155818540433925
606,rubbish,63,74,0.0005620659722222223,10.5
607,rubbish,92,262,0.002906057098765432,15.333333333333334
608,rubbish,251,233,0.007050901813271605,38.833333333333336
608,rubbish,74,74,0.000660204475308642,12.333333333333334
609,rubbish,151,214,0.0038958815586419755,25.166666666666668
609,rubbish,82,198,0.0019574652777777776,13.666666666666666
610,rubbish,151,119,0.0021664014274691357,19.833333333333332
610,rubbish,127,143,0.002189549575617284,21.166666666666668
611,rubbish,98,82,0.0009688464506172839,13.666666666666666
611,rubbish,119,100,0.0014347029320987655,16.666666666666668
612,rubbish,127,132,0.0020211226851851853,21.166666666666668
612,rubbish,74,82,0.0007315779320987654,12.333333333333334
613,rubbish,66,159,0.0012651909722222222,11.0
613,rubbish,164,169,0.0033415316358024693,27.333333333333332
613,rubbish,39,66,0.0003103298611111111,6.5
613,rubbish,68,209,0.0017134452160493827,11.333333333333334
613,rubbish,68,113,0.0009264081790123457,11.333333333333334
613,rubbish,135,100,0.0016276041666666667,16.666666666666668
613,rubbish,68,42,0.0003443287037037037,7.0
613,rubbish,23,21,5.8232060185185185e-05,3.5
613,rubbish,116,90,0.0012586805555555556,15.0
613,rubbish,15,37,6.691261574074074e-05,2.5
614,rubbish,206,225,0.005588107638888889,34.333333333333336
614,rubbish,71,214,0.001831838348765432,11.833333333333334
614,rubbish,108,121,0.0015755208333333333,18.0
614,rubbish,103,262,0.003253520447530864,17.166666666666668
614,rubbish,100,58,0.0006992669753086419,9.666666666666666
614,rubbish,174,140,0.0029369212962962964,23.333333333333332
614,rubbish,31,34,0.00012707368827160495,5.166666666666667
614,rubbish,92,153,0.0016970486111111112,15.333333333333334
614,rubbish,137,119,0.0019655430169753085,19.833333333333332
615,rubbish,174,204,0.004279513888888889,29.0
615,rubbish,87,140,0.0014684606481481482,14.5
616,rubbish,159,148,0.0028370949074074075,24.666666666666668
616,rubbish,68,108,0.0008854166666666666,11.333333333333334
617,rubbish,55,161,0.0010675877700617284,9.166666666666666
617,rubbish,151,182,0.0033133198302469137,25.166666666666668
617,rubbish,137,116,0.001915991512345679,19.333333333333332
617,rubbish,71,206,0.001763358410493827,11.833333333333334
617,rubbish,111,76,0.0010170717592592592,12.666666666666666
617,rubbish,66,116,0.0009230324074074075,11.0
617,rubbish,74,42,0.00037471064814814816,7.0
617,rubbish,26,23,7.209683641975309e-05,3.8333333333333335
617,rubbish,71,74,0.0006334394290123457,11.833333333333334
617,rubbish,23,29,8.041570216049383e-05,3.8333333333333335
618,rubbish,71,145,0.0012411988811728396,11.833333333333334
618,rubbish,180,84,0.0018229166666666667,14.0
618,rubbish,108,121,0.0015755208333333333,18.0
618,rubbish,132,113,0.0017983217592592593,18.833333333333332
619,rubbish,60,76,0.0005497685185185186,10.0
619,rubbish,121,116,0.0016922260802469135,19.333333333333332
619,rubbish,84,87,0.0008810763888888889,14.0
620,rubbish,90,161,0.0017469618055555556,15.0
620,rubbish,95,71,0.0008131992669753086,11.833333333333334
620,rubbish,37,47,0.00020965952932098766,6.166666666666667
620,rubbish,68,124,0.0010165895061728396,11.333333333333334
620,rubbish,76,82,0.0007513503086419753,12.666666666666666
620,rubbish,79,58,0.0005524209104938271,9.666666666666666
620,rubbish,63,37,0.00028103298611111113,6.166666666666667
620,rubbish,23,18,4.991319444444445e-05,3.0
621,rubbish,95,153,0.0017523871527777778,15.833333333333334
621,rubbish,161,188,0.0036492091049382717,26.833333333333332
621,rubbish,156,196,0.0036863425925925926,26.0
621,rubbish,71,68,0.0005820794753086419,11.333333333333334
622,rubbish,119,119,0.0017072964891975309,19.833333333333332
622,rubbish,76,82,0.0007513503086419753,12.666666666666666
622,rubbish,148,113,0.002016300154320988,18.833333333333332
623,rubbish,166,225,0.004503038194444444,27.666666666666668
624,rubbish,257,111,0.0034393084490740742,18.5
625,rubbish,92,161,0.0017857831790123457,15.333333333333334
625,rubbish,159,233,0.004466507523148148,26.5
625,rubbish,82,90,0.0008897569444444444,13.666666666666666
625,rubbish,151,98,0.0017840952932098766,16.333333333333332
625,rubbish,55,121,0.0008023485725308642,9.166666666666666
625,rubbish,68,79,0.0006476658950617284,11.333333333333334
625,rubbish,103,63,0.0007823350694444444,10.5
625,rubbish,76,55,0.000503954475308642,9.166666666666666
625,rubbish,60,26,0.0001880787037037037,4.333333333333333
625,rubbish,21,13,3.2913773148148146e-05,2.1666666666666665
626,rubbish,230,235,0.0065164448302469135,38.333333333333336
626,rubbish,82,233,0.0023034818672839504,13.666666666666666
626,rubbish,100,291,0.0035083912037037037,16.666666666666668
626,rubbish,29,39,0.0001363570601851852,4.833333333333333
626,rubbish,108,71,0.0009244791666666667,11.833333333333334
626,rubbish,108,169,0.0022005208333333334,18.0
626,rubbish,188,151,0.0034225501543209877,25.166666666666668
626,rubbish,37,31,0.0001382860725308642,5.166666666666667
626,rubbish,151,129,0.0023484519675925925,21.5
627,rubbish,76,82,0.0007513503086419753,12.666666666666666
628,rubbish,127,140,0.0021436149691358023,21.166666666666668
628,rubbish,71,87,0.0007447193287037037,11.833333333333334
628,rubbish,108,84,0.00109375,14.0
628,rubbish,124,132,0.0019733796296296296,20.666666666666668
628,rubbish,129,68,0.0010575810185185185,11.333333333333334
628,rubbish,100,66,0.0007957175925925925,11.0
628,rubbish,87,55,0.0005768952546296297,9.166666666666666
629,rubbish,63,82,0.0006228298611111111,10.5
629,rubbish,219,106,0.002798755787037037,17.666666666666668
630,rubbish,76,209,0.0019150270061728395,12.666666666666666
630,rubbish,198,129,0.0030794270833333333,21.5
631,rubbish,349,174,0.007321325231481482,29.0
631,rubbish,341,299,0.012292510609567901,49.833333333333336
631,rubbish,180,127,0.002756076388888889,21.166666666666668
632,rubbish,156,74,0.0013917824074074073,12.333333333333334
632,rubbish,45,68,0.0003689236111111111,7.5
633,rubbish,172,108,0.0022395833333333334,18.0
634,rubbish,113,76,0.0010353973765432098,12.666666666666666
634,rubbish,55,42,0.00027850115740740743,7.0
634,rubbish,129,71,0.0011042390046296297,11.833333333333334
634,rubbish,87,66,0.0006922743055555556,11.0
634,rubbish,127,121,0.0018526957947530864,20.166666666666668
634,rubbish,74,50,0.0004460841049382716,8.333333333333334
635,rubbish,196,227,0.005364101080246914,32.666666666666664
636,rubbish,121,76,0.0011086998456790124,12.666666666666666
636,rubbish,217,153,0.004002821180555556,25.5
636,rubbish,212,227,0.005801986882716049,35.333333333333336
636,rubbish,98,108,0.0012760416666666666,16.333333333333332
636,rubbish,47,21,0.00011899594907407407,3.5
637,rubbish,135,111,0.001806640625,18.5
637,rubbish,45,37,0.00020073784722222221,6.166666666666667
637,rubbish,71,172,0.0014723186728395061,11.833333333333334
637,rubbish,108,214,0.0027864583333333335,18.0
637,rubbish,135,87,0.001416015625,14.5
638,rubbish,58,60,0.0004195601851851852,9.666666666666666
639,rubbish,60,60,0.00043402777777777775,10.0
639,rubbish,280,132,0.004456018518518519,22.0
639,rubbish,100,159,0.0019169560185185186,16.666666666666668
640,rubbish,103,74,0.0009189332561728395,12.333333333333334
640,rubbish,119,193,0.0027689766589506174,19.833333333333332
640,rubbish,121,132,0.001925636574074074,20.166666666666668
640,rubbish,98,45,0.0005316840277777777,7.5
641,rubbish,79,204,0.0019429976851851852,13.166666666666666
641,rubbish,55,31,0.00020556037808641976,5.166666666666667
642,rubbish,82,119,0.0011764564043209877,13.666666666666666
642,rubbish,135,121,0.0019694010416666666,20.166666666666668
642,rubbish,100,116,0.0013985339506172839,16.666666666666668
642,rubbish,74,82,0.0007315779320987654,12.333333333333334
642,rubbish,58,74,0.0005174575617283951,9.666666666666666
643,rubbish,272,243,0.00796875,40.5
643,rubbish,116,148,0.0020698302469135802,19.333333333333332
644,rubbish,166,145,0.0029019579475308642,24.166666666666668
644,rubbish,68,79,0.0006476658950617284,11.333333333333334
644,rubbish,113,166,0.002261525848765432,18.833333333333332
645,rubbish,185,76,0.0016951195987654321,12.666666666666666
645,rubbish,92,106,0.001175733024691358,15.333333333333334
645,rubbish,90,26,0.00028211805555555553,4.333333333333333
646,rubbish,222,98,0.002622974537037037,16.333333333333332
646,rubbish,74,76,0.0006780478395061729,12.333333333333334
647,rubbish,201,140,0.0033926504629629628,23.333333333333332
648,rubbish,92,98,0.0010869984567901233,15.333333333333334
649,rubbish,265,235,0.007508077739197531,39.166666666666664
649,rubbish,50,137,0.0008258584104938271,8.333333333333334
649,rubbish,119,82,0.0011764564043209877,13.666666666666666
649,rubbish,79,206,0.0019620466820987653,13.166666666666666
650,rubbish,113,206,0.002806471836419753,18.833333333333332
650,rubbish,111,113,0.0015122251157407408,18.5
651,rubbish,137,66,0.001090133101851852,11.0
651,rubbish,185,92,0.0020519868827160496,15.333333333333334
652,rubbish,227,90,0.002463107638888889,15.0
652,rubbish,53,151,0.000964867862654321,8.833333333333334
653,rubbish,98,132,0.0015596064814814815,16.333333333333332
653,rubbish,100,79,0.0009524498456790123,13.166666666666666
653,rubbish,103,74,0.0009189332561728395,12.333333333333334
654,rubbish,140,124,0.0020929783950617282,20.666666666666668
655,rubbish,103,53,0.0006581548996913581,8.833333333333334
655,rubbish,174,161,0.0033774594907407408,26.833333333333332
655,rubbish,63,84,0.0006380208333333333,10.5
656,rubbish,79,58,0.0005524209104938271,9.666666666666666
656,rubbish,68,31,0.0002541473765432099,5.166666666666667
656,rubbish,60,23,0.0001663773148148148,3.8333333333333335
656,rubbish,74,31,0.0002765721450617284,5.166666666666667
656,rubbish,106,37,0.0004728491512345679,6.166666666666667
656,rubbish,50,31,0.0001868730709876543,5.166666666666667
656,rubbish,26,42,0.00013165509259259258,4.333333333333333
656,rubbish,50,74,0.0004460841049382716,8.333333333333334
656,rubbish,84,21,0.0002126736111111111,3.5
656,rubbish,31,42,0.00015697337962962963,5.166666666666667
656,rubbish,18,53,0.0001150173611111111,3.0
656,rubbish,26,26,8.150077160493827e-05,4.333333333333333
657,rubbish,230,336,0.00931712962962963,38.333333333333336
657,rubbish,148,124,0.0022125771604938273,20.666666666666668
658,rubbish,53,74,0.0004728491512345679,8.833333333333334
659,rubbish,267,190,0.006116174768518518,31.666666666666668
659,rubbish,37,45,0.00020073784722222221,6.166666666666667
659,rubbish,106,82,0.0010479359567901235,13.666666666666666
660,rubbish,45,127,0.0006890190972222223,7.5
660,rubbish,124,156,0.002332175925925926,20.666666666666668
660,rubbish,34,37,0.00015166859567901234,5.666666666666667
660,rubbish,116,140,0.0019579475308641975,19.333333333333332
661,rubbish,108,92,0.0011979166666666666,15.333333333333334
661,rubbish,164,140,0.0027681327160493825,23.333333333333332
661,rubbish,127,87,0.0013321035879629629,14.5
661,rubbish,74,68,0.0006066743827160494,11.333333333333334
662,rubbish,225,121,0.0032823350694444445,20.166666666666668
662,rubbish,76,116,0.0010628858024691358,12.666666666666666
662,rubbish,53,50,0.00031949266975308643,8.333333333333334
662,rubbish,238,214,0.006140528549382716,35.666666666666664
663,rubbish,140,159,0.002683738425925926,23.333333333333332
663,rubbish,71,111,0.0009501591435185185,11.833333333333334
663,rubbish,84,42,0.0004253472222222222,7.0
663,rubbish,180,129,0.0027994791666666667,21.5
663,rubbish,113,119,0.001621214313271605,18.833333333333332
664,rubbish,143,71,0.0012240788966049383,11.833333333333334
664,rubbish,190,47,0.0010766300154320988,7.833333333333333
665,rubbish,310,267,0.00997902199074074,44.5
666,rubbish,259,233,0.00727563175154321,38.833333333333336
666,rubbish,135,79,0.0012858072916666667,13.166666666666666
667,rubbish,79,100,0.0009524498456790123,13.166666666666666
667,rubbish,55,71,0.00047079957561728397,9.166666666666666
667,rubbish,119,90,0.0012912326388888889,15.0
667,rubbish,68,66,0.0005410879629629629,11.0
667,rubbish,116,100,0.0013985339506172839,16.666666666666668
668,rubbish,249,177,0.005313585069444444,29.5
668,rubbish,116,119,0.0016642554012345678,19.333333333333332
668,rubbish,39,47,0.00022099247685185186,6.5
669,rubbish,169,74,0.001507764274691358,12.333333333333334
669,rubbish,53,63,0.0004025607638888889,8.833333333333334
670,rubbish,108,140,0.0018229166666666667,18.0
670,rubbish,169,161,0.0032804060570987654,26.833333333333332
671,rubbish,174,164,0.0034403935185185184,27.333333333333332
671,rubbish,50,90,0.0005425347222222222,8.333333333333334
671,rubbish,140,135,0.0022786458333333335,22.5
672,rubbish,161,82,0.001591676311728395,13.666666666666666
672,rubbish,145,87,0.0015209056712962962,14.5
672,rubbish,137,151,0.002494092399691358,22.833333333333332
673,rubbish,180,74,0.0016059027777777777,12.333333333333334
673,rubbish,90,60,0.0006510416666666666,10.0
674,rubbish,288,257,0.008923611111111111,42.833333333333336
674,rubbish,127,111,0.0016995804398148148,18.5
674,rubbish,156,95,0.0017867476851851853,15.833333333333334
674,rubbish,58,68,0.0004755015432098765,9.666666666666666
674,rubbish,129,148,0.0023017939814814815,21.5
675,rubbish,204,204,0.005017361111111111,34.0
675,rubbish,84,267,0.0027039930555555554,14.0
676,rubbish,341,336,0.013813657407407408,56.0
676,rubbish,124,156,0.002332175925925926,20.666666666666668
676,rubbish,121,188,0.002742573302469136,20.166666666666668
677,rubbish,174,132,0.0027690972222222223,22.0
677,rubbish,161,58,0.0011258198302469137,9.666666666666666
677,rubbish,76,188,0.001722608024691358,12.666666666666666
678,rubbish,172,238,0.004935378086419753,28.666666666666668
678,rubbish,87,60,0.0006293402777777778,10.0
678,rubbish,98,113,0.0013351176697530864,16.333333333333332
679,rubbish,156,103,0.0019372106481481482,17.166666666666668
680,rubbish,288,148,0.005138888888888889,24.666666666666668
681,rubbish,75,101,0.0012685246463872417,13.086150490730644
681,rubbish,91,121,0.0018439240767485043,15.877862595419847
681,rubbish,43,40,0.00028803463917967734,6.97928026172301
682,rubbish,86,124,0.0017858147629139995,15.005452562704471
682,rubbish,93,60,0.0009344379573387207,10.468920392584515
682,rubbish,50,81,0.0006782210980684263,8.724100327153762
683,rubbish,86,167,0.002405089237150306,15.005452562704471
683,rubbish,70,86,0.0010081212371288706,12.213740458015268
683,rubbish,156,108,0.0028213997679646533,18.844056706652125
683,rubbish,73,70,0.0008557308175628786,12.213740458015268
684,rubbish,35,88,0.0005157829585310501,6.106870229007634
684,rubbish,55,55,0.0005065725485572814,9.59651035986914
684,rubbish,101,43,0.0007272874639286853,7.502726281352236
685,rubbish,68,146,0.0016625627312650214,11.864776444929117
686,rubbish,83,45,0.0006254705682186598,7.851690294438386
686,rubbish,93,103,0.0016041184934314705,16.226826608506
686,rubbish,65,78,0.0008490323375819559,11.34133042529989
686,rubbish,78,91,0.0011886452726147382,13.60959651035987
687,rubbish,98,108,0.001772417802952154,17.099236641221374
687,rubbish,45,88,0.0006631495181113502,7.851690294438386
687,rubbish,68,93,0.0010590296849838834,11.864776444929117
687,rubbish,50,73,0.000611236298259199,8.724100327153762
687,rubbish,45,40,0.0003014315991415228,6.97928026172301
687,rubbish,50,45,0.0003767894989269035,7.851690294438386
687,rubbish,106,43,0.0007632917938261449,7.502726281352236
687,rubbish,43,78,0.0005616675464003709,7.502726281352236
687,rubbish,73,65,0.0007946071877369587,11.34133042529989
687,rubbish,60,65,0.0006531017981399661,10.468920392584515
688,rubbish,75,53,0.0006656614481041962,9.247546346782988
689,rubbish,106,108,0.0019171049705400851,18.495092693565976
690,rubbish,86,86,0.0012385489484726126,15.005452562704471
690,rubbish,75,53,0.0006656614481041962,9.247546346782988
690,rubbish,278,313,0.014571538426500259,48.50599781897492
690,rubbish,199,58,0.0019328463984952535,10.119956379498364
690,rubbish,88,96,0.0014147189719708804,15.354416575790621
690,rubbish,268,83,0.0037250247173911295,14.482006543075245
690,rubbish,194,207,0.006724938976847374,33.849509269356595
690,rubbish,81,144,0.001953276762437068,14.133042529989094
690,rubbish,177,93,0.002756591974149226,16.226826608506
690,rubbish,146,106,0.002591641904619004,18.495092693565976
690,rubbish,189,65,0.0020572706641408933,11.34133042529989
690,rubbish,220,88,0.003242064310766601,15.354416575790621
690,rubbish,101,126,0.002131121405930566,17.6226826608506
690,rubbish,91,159,0.0024230076710992743,15.877862595419847
690,rubbish,136,83,0.001890311050616394,14.482006543075245
690,rubbish,68,108,0.0012298409244974131,11.864776444929117
690,rubbish,164,78,0.0021421738978990887,13.60959651035987
690,rubbish,164,58,0.001592898539463425,10.119956379498364
690,rubbish,83,86,0.0011953437525956609,14.482006543075245
691,rubbish,101,60,0.0010148197171097933,10.468920392584515
691,rubbish,93,37,0.0005762367403588778,6.455834242093784
692,rubbish,156,149,0.003892486716914198,25.99781897491821
692,rubbish,197,134,0.004420661863409955,23.380588876772084
692,rubbish,108,60,0.001085153756909482,10.468920392584515
692,rubbish,159,159,0.004233606809942688,27.742639040348966
692,rubbish,134,88,0.0019747118983760204,15.354416575790621
692,rubbish,184,126,0.0038824389969428137,21.984732824427482
692,rubbish,108,96,0.0017362460110551714,16.750272628135225
692,rubbish,177,141,0.004179349122097214,24.60196292257361
692,rubbish,202,88,0.002976804503522061,15.354416575790621
692,rubbish,154,75,0.001934186094491438,13.086150490730644
692,rubbish,265,162,0.007189143639525319,28.266085059978188
692,rubbish,167,118,0.0033000061626015827,20.58887677208288
692,rubbish,159,116,0.0030886691192034705,20.239912758996727
692,rubbish,154,129,0.0033268000825252735,22.508178844056708
692,rubbish,207,58,0.002010548766273957,10.119956379498364
692,rubbish,106,93,0.0016508403912984066,16.226826608506
692,rubbish,101,78,0.0013192656322427315,13.60959651035987
692,rubbish,405,346,0.023466449993167552,60.37077426390403
693,rubbish,118,91,0.0017982069508787066,15.877862595419847
693,rubbish,93,53,0.0008254201956492033,9.247546346782988
694,rubbish,124,81,0.0016819883232096972,14.133042529989094
694,rubbish,60,63,0.0006330063581971979,10.468920392584515
695,rubbish,40,43,0.00028803463917967734,6.97928026172301
695,rubbish,40,58,0.00038851183889351826,6.97928026172301
695,rubbish,65,68,0.0007401820378919615,11.34133042529989
695,rubbish,43,103,0.0007416891958876692,7.502726281352236
695,rubbish,63,68,0.0007174072059568243,10.992366412213741
695,rubbish,68,50,0.000569370798378432,8.724100327153762
695,rubbish,88,83,0.0012231424445164902,14.482006543075245
695,rubbish,126,101,0.002131121405930566,17.6226826608506
695,rubbish,154,83,0.002140499277903858,14.482006543075245
696,rubbish,93,68,0.0010590296849838834,11.864776444929117
696,rubbish,58,70,0.000679895718063657,10.119956379498364
697,rubbish,106,146,0.002591641904619004,18.495092693565976
697,rubbish,40,106,0.0007100388779778092,6.97928026172301
697,rubbish,103,118,0.0020353331422033713,17.97164667393675
697,rubbish,48,86,0.0006912831340312257,8.375136314067612
697,rubbish,111,55,0.0010223555070883316,9.59651035986914
697,rubbish,65,55,0.000598676648294969,9.59651035986914
697,rubbish,88,68,0.0010020926051460403,11.864776444929117
698,rubbish,40,81,0.000542576878454741,6.97928026172301
699,rubbish,65,86,0.0009361125773339514,11.34133042529989
699,rubbish,91,81,0.0012343623984845359,14.133042529989094
699,rubbish,60,91,0.0009143425173959525,10.468920392584515
699,rubbish,70,81,0.0009495095372957968,12.213740458015268
699,rubbish,58,144,0.001398642620016666,10.119956379498364
699,rubbish,58,88,0.0008547260455657402,10.119956379498364
700,rubbish,50,53,0.0004437742987361308,8.724100327153762
700,rubbish,45,48,0.0003617179189698274,7.851690294438386
701,rubbish,144,93,0.0022426510976129295,16.226826608506
701,rubbish,134,96,0.00215423116186475,16.750272628135225
701,rubbish,192,139,0.004469225843271645,24.25299890948746
701,rubbish,63,108,0.0011394114447549563,10.992366412213741
701,rubbish,141,73,0.0017236863610909413,12.737186477644492
701,rubbish,146,131,0.0032028782028782027,22.857142857142858
701,rubbish,101,121,0.0020465530961714168,17.6226826608506
701,rubbish,118,86,0.0016994043711600964,15.005452562704471
701,rubbish,151,126,0.003186132002925896,21.984732824427482
701,rubbish,113,129,0.0024410935670477656,19.7164667393675
701,rubbish,65,53,0.00057690658835697,9.247546346782988
702,rubbish,73,73,0.0008924049954584306,12.737186477644492
702,rubbish,116,159,0.0030886691192034705,20.239912758996727
703,rubbish,73,118,0.0014425176638917098,12.737186477644492
704,rubbish,98,129,0.0021170545979706285,17.099236641221374
704,rubbish,118,98,0.001936530562484761,17.099236641221374
704,rubbish,81,75,0.0010173316471026395,13.086150490730644
704,rubbish,73,75,0.0009168544473887986,12.737186477644492
705,rubbish,70,45,0.0005275052984976649,7.851690294438386
705,rubbish,58,70,0.000679895718063657,10.119956379498364
705,rubbish,35,45,0.00026375264924883245,6.106870229007634
705,rubbish,68,75,0.000854056197567648,11.864776444929117
705,rubbish,32,63,0.0003376033910385055,5.583424209378408
705,rubbish,73,96,0.0011735736926576622,12.737186477644492
705,rubbish,45,58,0.0004370758187552081,7.851690294438386
705,rubbish,141,124,0.0029279055996613247,21.63576881134133
705,rubbish,121,40,0.0008105160776916503,6.97928026172301
705,rubbish,113,73,0.0013813940340657899,12.737186477644492
706,rubbish,86,73,0.0010513264330058224,12.737186477644492
706,rubbish,106,58,0.0010295563730678234,10.119956379498364
706,rubbish,111,65,0.0012082383265589372,11.34133042529989
706,rubbish,93,86,0.0013393610721854996,15.005452562704471
706,rubbish,86,58,0.0008353004536210643,10.119956379498364
706,rubbish,48,40,0.000321527039084291,6.97928026172301
706,rubbish,70,86,0.0010081212371288706,12.213740458015268
707,rubbish,65,60,0.0006531017981399661,10.468920392584515
708,rubbish,124,65,0.00134974371615593,11.34133042529989
708,rubbish,103,101,0.0017421071810384788,17.6226826608506
709,rubbish,101,81,0.001370006618098221,14.133042529989094
710,rubbish,88,151,0.0022252350496625305,15.354416575790621
710,rubbish,65,65,0.0007075269479849633,11.34133042529989
710,rubbish,75,30,0.0003767894989269035,5.2344601962922575
710,rubbish,27,68,0.0003074602311243533,4.711014176663031
711,rubbish,73,68,0.0008312813656325107,11.864776444929117
711,rubbish,48,73,0.0005867868463288311,8.375136314067612
711,rubbish,65,43,0.0004680562886669757,7.502726281352236
712,rubbish,113,126,0.0023843239492094452,19.7164667393675
712,rubbish,101,98,0.0016575388712793294,17.099236641221374
712,rubbish,58,45,0.0004370758187552081,7.851690294438386
712,rubbish,53,37,0.00032839298106473677,6.455834242093784
712,rubbish,88,111,0.0016357688113413304,15.354416575790621
713,rubbish,60,131,0.0013162513162513162,10.468920392584515
714,rubbish,75,116,0.0014569193958506935,13.086150490730644
715,rubbish,58,65,0.0006313317382019672,10.119956379498364
716,rubbish,58,114,0.0007971643518518519,9.666666666666666
716,rubbish,33,33,0.00013129340277777778,5.5
717,rubbish,103,125,0.0015522521219135802,17.166666666666668
717,rubbish,39,61,0.00028682002314814813,6.5
718,rubbish,92,83,0.0009206211419753086,13.833333333333334
718,rubbish,86,74,0.0007672646604938272,12.333333333333334
718,rubbish,111,131,0.0017531105324074074,18.5
718,rubbish,27,61,0.00019856770833333334,4.5
719,rubbish,83,179,0.001791208526234568,13.833333333333334
719,rubbish,170,78,0.0015986689814814815,13.0
719,rubbish,123,153,0.0022688802083333333,20.5
719,rubbish,128,148,0.002283950617283951,21.333333333333332
719,rubbish,134,53,0.0008562403549382716,8.833333333333334
720,rubbish,89,69,0.0007403790509259259,11.5
720,rubbish,83,86,0.0008605806327160494,13.833333333333334
720,rubbish,64,123,0.0009490740740740741,10.666666666666666
721,rubbish,142,103,0.001763358410493827,17.166666666666668
721,rubbish,72,109,0.0009461805555555556,12.0
721,rubbish,131,165,0.0026059751157407407,21.833333333333332
722,rubbish,125,125,0.0018838011188271604,20.833333333333332
722,rubbish,89,148,0.0015880594135802468,14.833333333333334
723,rubbish,103,123,0.001527416087962963,17.166666666666668
723,rubbish,95,173,0.0019814573688271605,15.833333333333334
724,rubbish,151,72,0.0013107638888888889,12.0
724,rubbish,137,148,0.0024445408950617285,22.833333333333332
724,rubbish,142,64,0.001095679012345679,10.666666666666666
724,rubbish,55,131,0.0008686583719135802,9.166666666666666
724,rubbish,137,53,0.0008754099151234568,8.833333333333334
724,rubbish,148,67,0.0011955054012345678,11.166666666666666
724,rubbish,184,123,0.002728587962962963,20.5
724,rubbish,145,83,0.0014509789737654321,13.833333333333334
724,rubbish,134,78,0.0012601273148148148,13.0
724,rubbish,148,64,0.0011419753086419754,10.666666666666666
725,rubbish,64,78,0.0006018518518518519,10.666666666666666
725,rubbish,78,55,0.0005172164351851852,9.166666666666666
725,rubbish,44,39,0.00020688657407407407,6.5
725,rubbish,30,47,0.00016999421296296296,5.0
725,rubbish,81,27,0.000263671875,4.5
725,rubbish,58,41,0.0002866994598765432,6.833333333333333
725,rubbish,86,27,0.0002799479166666667,4.5
726,rubbish,142,78,0.0013353587962962963,13.0
726,rubbish,83,106,0.001060715663580247,13.833333333333334
727,rubbish,142,95,0.0016263985339506173,15.833333333333334
727,rubbish,53,61,0.00038978105709876545,8.833333333333334
727,rubbish,64,159,0.0012268518518518518,10.666666666666666
728,rubbish,145,103,0.0018006124614197531,17.166666666666668
729,rubbish,64,64,0.0004938271604938272,10.666666666666666
729,rubbish,83,139,0.0013909384645061729,13.833333333333334
730,rubbish,176,218,0.004625771604938271,29.333333333333332
730,rubbish,72,69,0.0005989583333333333,11.5
730,rubbish,125,61,0.0009192949459876543,10.166666666666666
730,rubbish,61,50,0.00036771797839506174,8.333333333333334
731,rubbish,89,151,0.0016202498070987655,14.833333333333334
731,rubbish,72,75,0.0006510416666666666,12.0
731,rubbish,67,106,0.0008562403549382716,11.166666666666666
731,rubbish,41,58,0.0002866994598765432,6.833333333333333
731,rubbish,33,69,0.0002745225694444444,5.5
731,rubbish,39,53,0.0002492042824074074,6.5
732,rubbish,187,81,0.001826171875,13.5
732,rubbish,159,69,0.0013226996527777777,11.5
732,rubbish,148,97,0.0017308063271604939,16.166666666666668
732,rubbish,47,55,0.00031165605709876544,7.833333333333333
733,rubbish,128,100,0.0015432098765432098,16.666666666666668
733,rubbish,67,58,0.0004685088734567901,9.666666666666666
733,rubbish,58,64,0.0004475308641975309,9.666666666666666
733,rubbish,72,39,0.0003385416666666667,6.5
733,rubbish,36,101,0.00043836805555555556,6.0
733,rubbish,39,39,0.0001833767361111111,6.5
733,rubbish,47,61,0.000345654899691358,7.833333333333333
734,rubbish,103,139,0.0017261043595679013,17.166666666666668
734,rubbish,81,89,0.000869140625,13.5
735,rubbish,134,95,0.0015347704475308641,15.833333333333334
735,rubbish,109,81,0.001064453125,13.5
735,rubbish,61,72,0.0005295138888888889,10.166666666666666
736,rubbish,83,142,0.0014209587191358025,13.833333333333334
736,rubbish,61,83,0.0006104118441358024,10.166666666666666
736,rubbish,153,114,0.0021028645833333333,19.0
736,rubbish,78,50,0.00047019675925925923,8.333333333333334
737,rubbish,123,156,0.0023133680555555555,20.5
738,rubbish,120,78,0.0011284722222222221,13.0
738,rubbish,106,72,0.0009201388888888889,12.0
738,rubbish,81,72,0.000703125,12.0
738,rubbish,67,120,0.0009693287037037037,11.166666666666666
739,rubbish,72,162,0.00140625,12.0
739,rubbish,92,81,0.0008984375,13.5
739,rubbish,44,39,0.00020688657407407407,6.5
739,rubbish,167,125,0.0025167582947530865,20.833333333333332
740,rubbish,78,167,0.0015704571759259259,13.0
740,rubbish,134,72,0.0011631944444444443,12.0
740,rubbish,89,106,0.0011373939043209877,14.833333333333334
741,rubbish,153,89,0.0016417100694444443,14.833333333333334
741,rubbish,78,137,0.0012883391203703705,13.0
742,rubbish,69,72,0.0005989583333333333,11.5
742,rubbish,64,78,0.0006018518518518519,10.666666666666666
743,rubbish,97,86,0.0010057388117283952,14.333333333333334
744,rubbish,95,139,0.0015920380015432098,15.833333333333334
744,rubbish,67,33,0.0002665653935185185,5.5
744,rubbish,81,89,0.000869140625,13.5
744,rubbish,41,58,0.0002866994598765432,6.833333333333333
745,rubbish,72,81,0.000703125,12.0
745,rubbish,83,64,0.0006404320987654321,10.666666666666666
746,rubbish,89,97,0.0010408227237654322,14.833333333333334
746,rubbish,103,142,0.001763358410493827,17.166666666666668
746,rubbish,117,137,0.0019325086805555556,19.5
747,rubbish,97,139,0.0016255545910493828,16.166666666666668
747,rubbish,53,67,0.0004281201774691358,8.833333333333334
747,rubbish,42,58,0.00029369212962962964,7.0
748,rubbish,86,179,0.0018559510030864198,14.333333333333334
748,rubbish,162,72,0.00140625,12.0
749,rubbish,156,61,0.0011472800925925925,10.166666666666666
749,rubbish,55,58,0.0003845968364197531,9.166666666666666
749,rubbish,134,97,0.0015670814043209876,16.166666666666668
749,rubbish,64,61,0.000470679012345679,10.166666666666666
749,rubbish,97,78,0.000912181712962963,13.0
749,rubbish,67,61,0.0004927420910493827,10.166666666666666
750,rubbish,67,125,0.001009717399691358,11.166666666666666
750,rubbish,30,30,0.00010850694444444444,5.0
750,rubbish,27,55,0.00017903645833333332,4.5
750,rubbish,41,72,0.0003559027777777778,6.833333333333333
750,rubbish,27,36,0.0001171875,4.5
750,rubbish,67,41,0.00033118730709876546,6.833333333333333
751,rubbish,139,103,0.0017261043595679013,17.166666666666668
751,rubbish,72,159,0.0013802083333333333,12.0
752,rubbish,106,92,0.001175733024691358,15.333333333333334
752,rubbish,64,25,0.00019290123456790122,4.166666666666667
752,rubbish,61,47,0.000345654899691358,7.833333333333333
752,rubbish,64,61,0.000470679012345679,10.166666666666666
752,rubbish,47,22,0.00012466242283950616,3.6666666666666665
752,rubbish,50,27,0.00016276041666666666,4.5
752,rubbish,44,55,0.0002917631172839506,7.333333333333333
753,rubbish,148,78,0.0013917824074074073,13.0
753,rubbish,61,159,0.0011693431712962964,10.166666666666666
753,rubbish,83,39,0.00039026331018518517,6.5
754,rubbish,151,100,0.001820505401234568,16.666666666666668
754,rubbish,64,84,0.0006481481481481481,10.666666666666666
755,rubbish,173,109,0.002273461612654321,18.166666666666668
755,rubbish,142,83,0.0014209587191358025,13.833333333333334
755,rubbish,156,67,0.0012601273148148148,11.166666666666666
755,rubbish,156,92,0.001730324074074074,15.333333333333334
755,rubbish,128,72,0.0011111111111111111,12.0
755,rubbish,156,64,0.0012037037037037038,10.666666666666666
755,rubbish,123,44,0.0006524884259259259,7.333333333333333
755,rubbish,64,67,0.0005169753086419753,10.666666666666666
755,rubbish,55,167,0.001107373649691358,9.166666666666666
756,rubbish,123,167,0.002476490162037037,20.5
756,rubbish,89,64,0.0006867283950617284,10.666666666666666
757,rubbish,72,153,0.001328125,12.0
758,rubbish,173,86,0.0017937403549382715,14.333333333333334
758,rubbish,83,170,0.001701147762345679,13.833333333333334
759,rubbish,120,145,0.002097800925925926,20.0
759,rubbish,86,61,0.0006324749228395061,10.166666666666666
759,rubbish,33,61,0.00024269386574074075,5.5
760,rubbish,111,179,0.0023954716435185186,18.5
760,rubbish,103,89,0.001105203510802469,14.833333333333334
761,rubbish,137,148,0.0024445408950617285,22.833333333333332
762,rubbish,100,92,0.001109182098765432,15.333333333333334
762,rubbish,142,128,0.002191358024691358,21.333333333333332
762,rubbish,153,58,0.0010698784722222223,9.666666666666666
762,rubbish,50,55,0.00033154899691358026,8.333333333333334
762,rubbish,72,64,0.0005555555555555556,10.666666666666666
762,rubbish,47,67,0.0003796537422839506,7.833333333333333
763,rubbish,89,170,0.001824122299382716,14.833333333333334
763,rubbish,100,81,0.0009765625,13.5
764,rubbish,89,142,0.0015236786265432098,14.833333333333334
765,rubbish,89,142,0.0015236786265432098,14.833333333333334
765,rubbish,61,33,0.00024269386574074075,5.5
765,rubbish,47,53,0.0003003231095679012,7.833333333333333
765,rubbish,89,86,0.0009227912808641975,14.333333333333334
765,rubbish,53,75,0.00047923900462962964,8.833333333333334
766,rubbish,86,176,0.0018248456790123458,14.333333333333334
766,rubbish,153,86,0.0015863715277777777,14.333333333333334
766,rubbish,178,61,0.0013090760030864197,10.166666666666666
766,rubbish,106,145,0.0018530574845679012,17.666666666666668
766,rubbish,128,151,0.002330246913580247,21.333333333333332
767,rubbish,95,67,0.0007673852237654321,11.166666666666666
767,rubbish,50,69,0.00041594328703703704,8.333333333333334
767,rubbish,134,92,0.001486304012345679,15.333333333333334
768,rubbish,72,151,0.0013107638888888889,12.0
769,rubbish,44,53,0.00028115354938271605,7.333333333333333
769,rubbish,83,47,0.0004703173225308642,7.833333333333333
769,rubbish,75,39,0.00035264756944444444,6.5
769,rubbish,47,44,0.0002493248456790123,7.333333333333333
769,rubbish,27,30,9.765625e-05,4.5
769,rubbish,41,41,0.00020266685956790123,6.833333333333333
769,rubbish,67,44,0.000355420524691358,7.333333333333333
770,rubbish,173,223,0.004651210455246913,28.833333333333332
770,rubbish,81,109,0.001064453125,13.5
770,rubbish,128,139,0.002145061728395062,21.333333333333332
771,rubbish,145,61,0.001066382137345679,10.166666666666666
771,rubbish,148,151,0.0026943479938271605,24.666666666666668
771,rubbish,148,61,0.0010884452160493828,10.166666666666666
771,rubbish,109,39,0.0005125144675925926,6.5
771,rubbish,111,58,0.0007761863425925926,9.666666666666666
